Line #,Key,en Version,az Translation
1,az.activerecord.models.user,User,İstifadəçi
2,az.activerecord.models.story,Story,Hekayə
3,az.activerecord.models.section,Section,Bölmə
4,az.activerecord.models.medium,Full-Screen Media Slideshow,Tam Ekran Media Slayd nümayişi
5,az.activerecord.models.content,Text,Mətn
6,az.activerecord.models.message,Message,Mesaj
7,az.activerecord.models.slideshow,Image Slideshow,Şəkil Slayd Numayişi
8,az.activerecord.models.embed_medium,Embeddable Online Media,Daxil Ediləsi Onlayn Media
9,az.activerecord.models.youtube,YouTube Video,YouTube Video
10,az.activerecord.models.language,Language,Dil
11,az.activerecord.models.category,Category,Kateqoriya
12,az.activerecord.models.page,Text for Pages,Səhifə üçün Mətn
13,az.activerecord.models.theme,Theme,Mövzu
14,az.activerecord.models.story_type,Story Type,Hekayə Növü
15,az.activerecord.models.author,Author,Müəllif
16,az.activerecord.models.asset,File,File
17,az.activerecord.attributes.asset.asset_file_name,File,File
18,az.activerecord.attributes.asset.asset_content_type,File Content Type,File Content Type
19,az.activerecord.attributes.asset.asset_file_size,File Size,File Size
23,az.activerecord.attributes.user.email,Email Address,E-poçt ünvanı
24,az.activerecord.attributes.user.password,Password,Parol
25,az.activerecord.attributes.user.password_confirmation,Password Confirmation,Parol Təsdiqi
26,az.activerecord.attributes.user.role,Role,Rol
27,az.activerecord.attributes.user.remember_me,Remember Me,Məni xatırla
28,az.activerecord.attributes.user.default_story_locale,Default Language for Your Stories,Sənin Hekayələrin üçün Defolt Dil
29,az.activerecord.attributes.user.about,Summary of You,Sənin Xülasən
30,az.activerecord.attributes.user.local_avatar,Avatar,Avatar
31,az.activerecord.attributes.user.nickname,Nickname,Ləqəb
32,az.activerecord.attributes.user.sign_in_count,Number of Times Logged In,Daxil Olmanın Sayı
33,az.activerecord.attributes.user.created_at,Date Created,Yaradıldığı Tarix
34,az.activerecord.attributes.user.current_sign_in_at,Date Last Logged In,Sonuncu Dəfə Daxil Olmanın Tarixi
35,az.activerecord.attributes.author.avatar,Avatar,Avatar
36,az.activerecord.attributes.author_translation.name,Name,Ad
37,az.activerecord.attributes.author_translation.about,About,Haqqında
38,az.activerecord.attributes.author_translation.permalink,Permalink,Daimi Keçid
42,az.activerecord.attributes.story.user_id,Story Author,Hekayənin Müəllifi 
43,az.activerecord.attributes.story.user_ids,Editors,Redaktorlar
44,az.activerecord.attributes.story.publish_home_page,"Once published, make your story visible on the homepage?",Dərc edildikdən sonra hekayən ana səhifədə göstərilsin mi?
45,az.activerecord.attributes.story.template_id,Template,Şablon
46,az.activerecord.attributes.story.thumbnail,Thumbnail,Thumbnail - Xırda Şəkil
47,az.activerecord.attributes.story.story_locale,Story Language,Hekayənin Dili
48,az.activerecord.attributes.story.tag_list,Tags,Nişanlar
49,az.activerecord.attributes.story.categories,Categories,Kateqoriyalar
50,az.activerecord.attributes.story.story_type,Type,Növ
51,az.activerecord.attributes.story.in_theme_slider,Show Story in Theme Slider,Hekayəni Mövzu Slaydlarında Göstər 
52,az.activerecord.attributes.story_translation.title,Story Title,Hekayənin Sərlövhəsi
53,az.activerecord.attributes.story_translation.author,Author(s),Müəllif(lər)
54,az.activerecord.attributes.story_translation.media_author,Photo and Video Author(s),Foto və Video Müəllifi (singular) Müəllifləri (plural)
55,az.activerecord.attributes.story_translation.translation_author,Translation Author(s),Tərcümə Müəllifi (s) Müəllifləri (pl)
56,az.activerecord.attributes.story_translation.published,Publish?,Dərc et?
57,az.activerecord.attributes.story_translation.published_at,Was Published,Dərc edilmişdir
58,az.activerecord.attributes.story_translation.about,Story Summary,Hekayənin Xülasəsi
59,az.activerecord.attributes.story_translation.permalink,Story URL,Hekayənin URL-ı
60,az.activerecord.attributes.story_translation.permalink_staging,Story URL,Hekayənin URL-ı
76,az.activerecord.attributes.section.has_marker,Navigation Shortcut,Naviqasiya Qısayolu
77,az.activerecord.attributes.section.type_id,Type,"Növ (""Yaz"" if you mean the verb ""to type"")"
78,az.activerecord.attributes.section.sort_order,Sort Order,Sıralama Qaydası
79,az.activerecord.attributes.section_translation.title,Title,Sərlövhə
80,az.activerecord.attributes.section_translation.audio,Audio Track,Audio Cığırı
81,az.activerecord.attributes.section_translation.delete_audio,Delete the Audio Track?,Audio Cığırını Sil?
91,az.activerecord.attributes.content_translation.title,Title,Sərlövhə
92,az.activerecord.attributes.content_translation.caption,Heading,Başlıq
93,az.activerecord.attributes.content_translation.sub_caption,Subheading,Alt-başlıq
94,az.activerecord.attributes.content_translation.content,Text,Mətn
99,az.activerecord.attributes.medium.media_type,Media Type,Media Növü
100,az.activerecord.attributes.medium.image,Image,Şəkil
101,az.activerecord.attributes.medium.video,Video,Video
102,az.activerecord.attributes.medium.video_loop,Loop Video,Fasiləsiz Baxış (if playing on repeat) Video Dövrü
103,az.activerecord.attributes.medium_translation.title,Title,Sərlövhə
104,az.activerecord.attributes.medium_translation.caption,Caption,Şəkilaltı imza (if caption is for image)
105,az.activerecord.attributes.medium_translation.caption_align,Caption Alignment,Şəkilaltı İmzanı Düzləndirmək
106,az.activerecord.attributes.medium_translation.infobox_type,Caption Position,Şəkilaltı İmzanın Yeri
107,az.activerecord.attributes.medium_translation.summary,Summary,Xülasə
108,az.activerecord.attributes.medium_translation.source,Source,Mənbə
109,az.activerecord.attributes.medium_translation.image_name,Image,Şəkil
110,az.activerecord.attributes.medium_translation.video_name,Video,Video
131,az.activerecord.attributes.slideshow_translation.title,Title,Sərlövhə
132,az.activerecord.attributes.slideshow_translation.caption,Heading,Başlıq
133,az.activerecord.attributes.slideshow_translation.description,Description,Təsvir
134,az.activerecord.attributes.slideshow_translation.asset_files_name,Image(s),Image(s)
145,az.activerecord.attributes.message.name,Name,Name
146,az.activerecord.attributes.message.email,Email Address,Email Address
147,az.activerecord.attributes.message.message,Message,Message
148,az.activerecord.attributes.message.message_type,Feedback Type,Feedback Type
149,az.activerecord.attributes.embed_medium_translation.title,Title,Alt-başlıq
150,az.activerecord.attributes.embed_medium_translation.url,URL to Online Media,Onlayn Mediaya URL
153,az.activerecord.attributes.youtube.fullscreen,Fullscreen,Tam ekran
154,az.activerecord.attributes.youtube.loop,Loop,Dövr
155,az.activerecord.attributes.youtube.info,Show Video Title Bar,Videonun Sərlövhə Zolağını Göstər
156,az.activerecord.attributes.youtube_translation.title,Title,Sərlövhə
157,az.activerecord.attributes.youtube_translation.url,URL to YouTube Video,YouTube Videosunun URL-ı
158,az.activerecord.attributes.youtube_translation.menu_lang,Player Language,Pleyerin Dili
159,az.activerecord.attributes.youtube_translation.cc,Show Caption/Subtitle,Şəkilaltı İmzanı/Sərlövhəni Göstər
160,az.activerecord.attributes.youtube_translation.cc_lang,Subtitle Language,Alt-başlığın dili
161,az.activerecord.attributes.youtube_translation.code,Youtube Video Id,
168,az.activerecord.attributes.infographic.published_at,Date Published,Date Published
169,az.activerecord.attributes.infographic.image,Infographic Image,Infographic Image
170,az.activerecord.attributes.infographic.dataset_file,Related File,Dataset File
171,az.activerecord.attributes.infographic.datasources,Data Sources,Data Sources
172,az.activerecord.attributes.infographic.subtype,Infographic Type,Infographic Type
173,az.activerecord.attributes.infographic.dynamic_width,Width,Width
174,az.activerecord.attributes.infographic.dynamic_height,Height,Height
175,az.activerecord.attributes.infographic.dynamic_render,Show Infographic in Story or in Popup,Show Infographic in Story or in Popup
176,az.activerecord.attributes.infographic_translation.title,Title,Title
177,az.activerecord.attributes.infographic_translation.caption,Heading,Heading
178,az.activerecord.attributes.infographic_translation.description,Description,Description
179,az.activerecord.attributes.infographic_translation.dataset_url,Online Dataset,Online Dataset
180,az.activerecord.attributes.infographic_translation.image_name,Image,Image
187,az.activerecord.attributes.infographic_translation.dynamic_url,Dynamic URL,Dynamic URL
200,az.activerecord.attributes.infographic_datasource.name,Data Source Name,Data Source Name
201,az.activerecord.attributes.infographic_datasource.url,Data Source URL,Data Source URL
202,az.activerecord.attributes.language.locale,Locale,Dil
203,az.activerecord.attributes.language.name,Language Name,Dilin Adı
204,az.activerecord.attributes.category_translation.name,Name,Ad
206,az.activerecord.attributes.page.name,Unique name for content (do not change!),Məzmunun Xüsusi adı (bunu dəyişmə!)
207,az.activerecord.attributes.page_translation.title,Title to show above content,Məzmunun üstündə göstəriləcək sərlövhə
208,az.activerecord.attributes.page_translation.content,Content,Məzmun
211,az.activerecord.attributes.theme.is_published,Publish?,Dərc et?
212,az.activerecord.attributes.theme.published_at,Date Published,Dərc Edilmə Tarixi
213,az.activerecord.attributes.theme.show_home_page,Show this theme on the home page?,Bu mövzunu ana səhifədə göstər?
214,az.activerecord.attributes.theme.published_item_count,Number of Published Items,Dərc olunan məhsulların sayı
215,az.activerecord.attributes.theme.featured_stories,Featured Stories,Featured Stories
216,az.activerecord.attributes.theme_translation.name,Name,Ad
217,az.activerecord.attributes.theme_translation.edition,Edition,Buraxılış
218,az.activerecord.attributes.theme_translation.description,Description,Təsvir
219,az.activerecord.attributes.theme_translation.permalink,URL,URL
224,az.activerecord.attributes.story_type.sort_order,Sort Order,Sıralama Qaydası
225,az.activerecord.attributes.story_type_translation.name,Name,Ad
226,az.activerecord.attributes.story_type_translation.permalink,URL,URL
229,az.activerecord.errors.messages.required_field,is a required field.,tələb edilən sahədir.
230,az.activerecord.errors.messages.already_exists,already exists in the database.,verilənlər bazası artıq mövcuddur.
231,az.activerecord.errors.messages.story_authors,must have at least one person selected.,ən azı bir şəxs seçilməlidir.
232,az.activerecord.errors.messages.publish_theme,The theme cannot be published until at least one published item has been assigned to the theme.,Dərc olunan maddə təyin edilməmiş qədər  mövzu dərc edilə bilməz.
233,az.activerecord.errors.messages.not_provided,must be provided.,must be provided.
234,az.mailer.closing,"Sincerely,","Hörmətlə,"
235,az.mailer.signature,The Chai Khana Team,Çayxana Komandası (Chai Khana also acceptable)
236,az.mailer.unsubscribe,Click here to change your notification settings,Bildiriş parametrlərini dəyişmək üçün buraya basın
237,az.mailer.contact.contact_form.subject,Chai Khana Contact Form,Çayxana Əlaqə Forması
238,az.mailer.notification.new_user.subject,Welcome to Chai Khana!,Çayxanaya Xoş Gəlmisiniz!
239,az.mailer.notification.new_user.message,"Thank you for becoming a member of Chai Khana. We look forward to exploring the stories you build!

When you have a chance, please visit your settings page so you can update your avatar, nickname, personal URL, and a summary about yourself: [settings_link].

You can manage when you would like to receive email notifications from Chai Khana by going to the notifications page: [notifications_link]. ","Çayxananın üzvü olduğunuz üçün təşəkkür edirik. Sizin yaradacağınız hekayələri səbirsizliklə gözləyirik!

Lütfən, imkanınız olanda parametrlər səhifənizə daxil olun ki, avatarınızı, ləqəbinizi, şəxsi URL-ınızı, və özünüz barədə xülasəni yenilədə biləsiniz: [settings_link].

Bildiriş səhifəsinə gedərək, Çayxanadan aldığınız bildirişlərin vaxtını müəyyənləşdirə bilərsiniz: [notifications_link]."
240,az.mailer.notification.published_theme.subject,New themes have been published on Chai Khana!,New themes have been published on Chai Khana!
241,az.mailer.notification.published_theme.message,The following themes you have expressed interest in were recently published:,The following themes you have expressed interest in were recently published:
242,az.mailer.notification.published_story.subject,New stories have been published on Chai Khana!,Çayxanada yeni hekəyələr dərc edilib!
243,az.mailer.notification.published_story.message,The following stories you have expressed interest in were recently published:,Maraq göstərdiyiniz növbəti hekayələr təzəlikcə dərc edilib:
244,az.mailer.notification.story_comment.subject,Someone has posted a comment on your story on Chai Khana!,Kimsə sizin Cayxanadaki hekayənizə şərh yazıb!
245,az.mailer.notification.story_comment.message,The following stories have recently received a comment:,Növbəti hekayələr təzəlikcə şərh alıblar:
246,az.mailer.notification.story_comment.comment,1 Comment,1 Şərh
247,az.mailer.notification.story_comment.comments,%{num} Comments,%{num} Şərhlər
248,az.mailer.notification.story_collaboration.subject,You have been invited to collaborate on a story on Chai Khana!,Çayxanada bir hekayə üzrə əməkdaşlığa dəvət edilmisiniz!
249,az.mailer.notification.story_collaboration.message,"You have received the following invitations to collaborate on stories with other people on Chai Khana. If you would like to accept the invitation, simply click the 'Accept the Invitation' link. If you want to decline this invitation, no action is needed on your part.","Çayxanada başqaları ilə hekayələr üzrə əməkdaşlığa növbəti dəvətləri almısınız. Dəvəti qəbul etmək istəyirsinizsə, sadəcə ""Dəvəti qəbul et"" keçidinə basın. Əgər dəvəti qəbul etmək istəmirsinizsə, başqa heç bir hərəkət etməyiniz lazım deyil. "
250,az.mailer.notification.story_collaboration.from,From,Kimdən
251,az.mailer.notification.story_collaboration.role,Role,Rol
252,az.mailer.notification.story_collaboration.story_title,Story Title,Hekayı Sərlövhəsi
253,az.mailer.notification.story_collaboration.msg,Message,Mesaj
254,az.mailer.notification.story_collaboration.accept_link,Accept the Invitation,Dəvəti Qəbul Et
255,az.mailer.notification.story_collaboration.all_invitations,View all of your Chai Khana collaboration invitations.,Bütün Çayxana əmədaşlıq dəvətlərinə bax.
256,az.mailer.notification.processed_videos.subject,Your videos on Chai Khana have been processed!,Çayxanadakı videolarınız emal edilibdir!
257,az.mailer.notification.processed_videos.message,The following stories of yours have videos that have completed processing:,Növbəti hekayələrinizin videolarının emalı tamamlanıb:
258,az.mailer.notification.processed_videos.story_title,Story:,Hekayə:
259,az.mailer.notification.processed_videos.status,Video Processing Status: %{processed} of %{total} completed,Videonun emal vəziyyəti: %{processed} of %{total} tamamlanıb
260,az.mailer.notification.processed_videos.processed,Videos Processed:,Video emal edilib:
261,az.mailer.notification.processed_videos.not_processed,Videos Still Processing:,Videolar hələ emal edilir:
262,az.mailer.notification.processed_videos.none_processed,No vidoes have been processed.,Heç bir video emal edilməyib.
263,az.mailer.notification.processed_videos.none_processing,All videos have been processed!,Videoların hamısı emal edildi!
264,az.mailer.notification.processed_video_errors.subject,Videos on Chai Khana have processing errors!,Videos on Chai Khana have processing errors!
265,az.mailer.notification.processed_video_errors.message,The following videos had errors while being processed:,Növbəti videolar emal edilərkən xətalar baş verib:
266,az.mailer.notification.processed_video_errors.story_id,Story ID,Hekayənin ID-si
267,az.mailer.notification.processed_video_errors.asset_id,Asset ID,Materialın ID-si
268,az.mailer.notification.processed_video_errors.path,URL of Video,Videonun URL-ı
269,az.helpers.actions,Actions,Hərəkətlər
270,az.helpers.links.admin,Admin Section,İnzibati Bölmə
271,az.helpers.links.edit,Edit,Redaktə et
272,az.helpers.links.confirm,Are you sure?,Əminsinizmi?
273,az.helpers.links.destroy,Delete,Sil
274,az.helpers.links.new,New,Yeni
275,az.helpers.links.list,View All,Hamısına Bax
276,az.helpers.links.back,View All,Hamısına Bax
277,az.helpers.links.cancel,Cancel,Ləğv Et
278,az.helpers.links.reset,Reset,Sıfırla
279,az.helpers.links.view,View,Bax
280,az.helpers.links.sign_in_facebook,Sign in with Facebook,Facebookla Daxil Ol
281,az.helpers.links.edit_story,Edit Story Settings,"Hekayənin Parametrlərini Redaktə Et (""Dəyiş"" sounds more appropriate than Redaktə Et, but means ""Change"")"
282,az.helpers.links.delete_story,Delete Story,Hekayəni Sil
283,az.helpers.links.admin_story,Edit Content,Məzmunu Redaktə Et
284,az.helpers.links.publish_story,Publish Story,Hekayəni Dərc Et
285,az.helpers.links.forgot_password,Forgot Password?,Parolu unutdun?
286,az.helpers.links.change_password,Change Your Password,Parolunu Dəyiş
287,az.helpers.links.change_password2,Change Password,Parolu Dəyiş
288,az.helpers.links.password_reset,Reset Password,Parolu Sıfırla
289,az.helpers.links.sign_in2,Sign In,Daxil Ol
290,az.helpers.links.sign_in,Already have an account?,Artıq Hesabın Var?
291,az.helpers.links.sign_up2,Sign Up,Qeydiyyatdan Keç
292,az.helpers.links.sign_up_question,Not a member yet?,Hələ Üzv deyilsən?
293,az.helpers.links.sign_up,Register now,İndi Qeyd Ol
294,az.helpers.links.sign_up_title,Join Chai Khana,Çayxanaya Qoşul
295,az.helpers.links.sign_out,Sign Out,Çıx
296,az.helpers.links.sign_in_provider,Sign in with %{provider},%{provider}-lə Daxil Ol
297,az.helpers.links.sign_up_provider,Sign up with %{provider},%{provider}-lə Qeyd Ol
298,az.helpers.links.sign_in_local_or_provider,or log in with your email and password,yaxud e-poçt və parol ilə daxil ol
299,az.helpers.links.reset_or_sign_in,sign in with facebook or reset your password,Facebook-la daxil ol və ya parolunu sıfırla
300,az.helpers.links.add_story,Add Story,Hekayəni Əlavə Et
301,az.helpers.links.users,Users,İstifadəçilər
302,az.helpers.links.authors,Authors,Müəlliflər
303,az.helpers.links.feedback,Feedback,Qeri bildirim
304,az.helpers.links.about,About,Haqqında
305,az.helpers.links.rss,RSS,RSS
306,az.helpers.links.themes,Themes,Mövzular
307,az.helpers.links.story_types,Types,Növlər
308,az.helpers.links.languages,Languages,Dillər
309,az.helpers.links.follow,Follow,İzlə
310,az.helpers.links.facebook,Facebook,Facebook
311,az.helpers.links.twitter,Twitter,Twitter
312,az.helpers.links.youtube,YouTube,YouTube
313,az.helpers.links.subscribe,Subscribe,Əbunə Ol
314,az.helpers.links.user_settings,Settings,Parametrlər
315,az.helpers.links.like,Like,Bəyən
316,az.helpers.links.likes,Likes,Bəyənir
317,az.helpers.links.comments,Comment on this story,Bu hekayə barədə şərh yaz
318,az.helpers.links.views,%{num} views,%{num} baxılışlar
319,az.helpers.links.tags,Tags,Nişanlar
320,az.helpers.links.menu,Menu,Menyu
321,az.helpers.links.pages,Edit Text on Site,Mətni Saytda Redaktə Et
322,az.helpers.links.next,Next,Next
323,az.helpers.links.feed,Feed,Xəbər Lenti
324,az.helpers.links.download,Download,Download
325,az.helpers.links.previous,Previous,Previous
326,az.helpers.links.story_menu.link.story,Story,Hekayə
327,az.helpers.links.story_menu.link.story_settings,Story Settings,Hekayə Parametrləri
328,az.helpers.links.story_menu.link.collaborators,Collaborators,Əməkdaşlar
329,az.helpers.links.story_menu.link.preview,Preview,Öncəbaxış
330,az.helpers.links.story_menu.link.publish,Publish,Dərc Et
331,az.helpers.links.story_menu.link.unpublish,Unpublish,Dərc etdiyini ləğv et
332,az.helpers.links.story_menu.link.review,Private URL,Özəl URL
333,az.helpers.links.story_menu.link.clone,Clone,Kopya Yarat
334,az.helpers.links.story_menu.link.export,Download,Endir
335,az.helpers.links.story_menu.link.delete_story,Delete,Sil
336,az.helpers.links.story_menu.link.translations,Translations,Tərcümələr
337,az.helpers.links.story_menu.title.story,Edit your story,Hekayəni redaktə et
338,az.helpers.links.story_menu.title.story_settings,"Edit story title, authors, URL, summary, thumbnail, language, tags and/or categories, content etc.","Hekayənin sərlövhəsini, müəlliflərini, URL-nı,xülasəsini, eskizini, dilini, nişanlarını və ya kateqoriyalarını və s. redaktə et."
339,az.helpers.links.story_menu.title.collaborators,Manage which users have access to edit your story,Sənin hekayəni redaktə etməyə icazəsi olan istifadəçiləri idarə et
340,az.helpers.links.story_menu.title.preview,See how your story looks,Hekayənin görünüşünə bax
341,az.helpers.links.story_menu.title.publish,Make your story viewable to the world,Goy dünya hekayəni görsün
342,az.helpers.links.story_menu.title.unpublish,Make your story NOT viewable to the world,Dünyanı hekayəni görməyə qoyma 
343,az.helpers.links.story_menu.title.review,URL to share this story before publishing,Hekayəni dərc etdikdən öncə paylaşılma URL-ı
344,az.helpers.links.story_menu.title.clone,Copy this story into a new story,Bu hekayəni yeni hekayəyə köçür
345,az.helpers.links.story_menu.title.export,Download the complete story,Tam hekayəni endir
346,az.helpers.links.story_menu.title.delete_story,Deleting a story cannot be undone,Hekayəni silmək mümkün deyil
347,az.helpers.links.story_menu.title.translations,Translate your story into other languages,Hekayəni başqa dillərə tərcümə et
348,az.helpers.titles.new,New %{model},Yeni %{model}
349,az.helpers.titles.edit,Edit %{model},Redaktə Et %{model}
350,az.helpers.titles.story_list,My Stories,Mənim Hekayələrim
351,az.helpers.hints.nickname,"Your nickname is used in the URL to your published stories (e.g., nickname/story-title)","Dərc edimiş hekayələrinin URL-ında sənin ləqəbin istifadə edilir (məsələn, ləqəb/hekayə-sərlövhə)"
352,az.helpers.hints.local_avatar,Image that is shown in the header bar and on your user page (png and jpg only).,Sənin istifadəçi səhifənin başlıq panelində göstərilən şəkil (yalnız png və jpg).
353,az.helpers.hints.avatar,Image that is shown on the Author's page (png and jpg only).,Müəllifin səhifəsində göstərilən şəkil (yalnız png və jpg).
354,az.helpers.hints.like,Like this story,Bu hekayəni bəyən
355,az.helpers.hints.unlike,Unlike this story,Bu hekayəni bəyənmə
356,az.helpers.hints.staff_pick,Select as Staff Pick,Redaksiya Heyətinin Seçimi kimi Seç
357,az.helpers.hints.staff_unpick,Unselect as Staff Pick,Redaksiyə Heyətinin Seçimi kimi Seçmə
358,az.helpers.hints.is_staff_pick,Staff Pick,Redaksiyə Heyətinin Seçimi
359,az.helpers.hints.clone_asset,"If checked, the file to the left will be used for this translation","Seçilibsə, tərcümə üçün soldakı fayl istifadə ediləcək"
360,az.app.language.en,English,English
361,az.app.language.ka,ქართული,ქართული
362,az.app.language.hy,Հայերեն,Հայերեն
363,az.app.language.ru,Русский,Русский
364,az.app.language.az,Azərbaycan,Azərbaycan
365,az.app.buttons.back,View All,Hamısına Bax
366,az.app.buttons.list,View All,Hamısına Bax
367,az.app.buttons.admin,Admin Section,İnzibati Bölmə
368,az.app.buttons.delete,Delete,Sil
369,az.app.buttons.edit,Edit,Redaktə Et
370,az.app.buttons.show,Show,Göstər
371,az.app.buttons.cancel,Cancel,İmtina
372,az.app.buttons.update,Update,Təzələ
373,az.app.buttons.save,Save,Yadda Saxla
374,az.app.buttons.save_and_next,Save & Next,Yadda Saxla və Növbəti
375,az.app.buttons.create,Create,Yarat
376,az.app.buttons.reset,Reset,Sıfırla
377,az.app.buttons.remove,Remove,Qaldır
378,az.app.buttons.confirm,Are you sure?,Əminsənmi?
379,az.app.buttons.new,New,Yeni
380,az.app.buttons.add_section,Add Section,Bölmə Əlavə Et
381,az.app.buttons.add_item,Add Item into Section,Materialı Bölməyə Əlavə Et
382,az.app.buttons.up,Move Selected Section/Item Up,Seçilən Bölməni/Materialı Yuxarı Tərpət
383,az.app.buttons.down,Move Selected Section/Item Down,Seçilən Bölməni/Materialı AşağıTərpət
384,az.app.buttons.delete_item,Delete Selected Section/Item,Seçilən Bölməni/Materialı Sil
385,az.app.buttons.preview,Preview,Öncəbaxış
386,az.app.buttons.preview_image,Preview Image,Şəkilə ilkin baxış
387,az.app.buttons.preview_video,Preview Video,Videoya ilkin baxış
388,az.app.buttons.preview_audio,Listen To Audio,Audionu dinlə
389,az.app.buttons.publish,Publish,Dərc Et
390,az.app.buttons.unpublish,Unpublish,Dərc Etdiyini geri al
391,az.app.buttons.clone,Copy this story into a new story,Bu hekayəni yeni hekayəyə köçür
392,az.app.buttons.export,Download the complete story,Tam hekayəni endir
393,az.app.buttons.scroll,Scroll,Sürüşdür
394,az.app.buttons.reviewer_key,Get URL to share this story before publishing,Hekayəni dərc etmədən öncə paylaşmaq üçün URL-ı al
395,az.app.buttons.reviewer_key_published,Your story is published so there is no need to share this non-published URL,"Sənin hekayən artıq dərc edilibdir, beləcə bu dərc edilməmiş URL-ı paylaşmağa ehtiyac yoxdur"
396,az.app.buttons.explore,Explore,Araşdır
397,az.app.buttons.processing,Processing...,Processing
398,az.app.common.app_name_not_trans,Chai Khana,Çayxana
399,az.app.common.app_name,Chai Khana,Çayxana
400,az.app.common.app_intro,Chai Khana is an NGO that provides cross-border journalistic trainings and online publishing for issue-based multi-media coverage in the South Caucasus region.,"Çayxana, sərhəd-aşan jurnalistika təlimləri və Cənubi Qafqaz regionunda fərqli mövzular üzrə multimedia materialları üçün onlayn nəşr xidməti təmin edən QHT-dir."
401,az.app.common.app_intro_meta,Chai Khana is an NGO that provides cross-border journalistic trainings and online publishing for issue-based multi-media coverage in the South Caucasus region.,"Çayxana, sərhəd-aşan jurnalistika təlimləri və Cənubi Qafqaz regionunda fərqli mövzular üzrə multimedia materialları üçün onlayn nəşr xidməti təmin edən QHT-dir."
402,az.app.common.powered_by,Powered by,xxx tərəfindən dəstəklənir
403,az.app.common.powered_by_js,Jumpstart Georgia,Jumpstart Georgia
404,az.app.common.powered_by_end,,
405,az.app.common.embed_slogan,Build your story with Chai Khana,Hekayəni Çayxanayla hazırla
406,az.app.common.added_on,Added on: %{date},Əlavə edilib: %{date}
407,az.app.common.last_sign_in,Logged in last: %{date},Sonuncu dəfə daxil oldun: %{date}
408,az.app.common.admin,Admin,İnzibatçılıq
409,az.app.common.sign_out,Sign Out,Çıx
410,az.app.common.jumpstart,JumpStart Georgia,JumpStart Georgia
411,az.app.common.js_link_title,JumpStart Georgia - We communicate data better!,JumpStart Georgia - Biz məlumatı daha yaxşı paylaşırıq!
412,az.app.common.js_link_text,Built by,xxx tərəfindən hazırlanıb
413,az.app.common.search,Search for Story ...,...Hekayəni Axtar
414,az.app.common.build,Build Story,Hekayəni Hazırla
415,az.app.common.explore,Explore Stories,Hekayələri Axtar
416,az.app.common.about_story,About,Haqqında
417,az.app.common.likes,Likes,Bəyənənlər
418,az.app.common.comments,Comments,Şərhlər
419,az.app.common.publish_date,Publish Date,Dərc Edilmə Tarixi
420,az.app.common.follow,Follow,İzlə
421,az.app.common.following,Following,İzləyirəm
422,az.app.common.follow_link_title,Click to receive notifications whenever this author publishes new stories,Bu istifadəçi yeni hekayələr paylaşanda bildiriş almaq üçün bas 
423,az.app.common.unfollow_link_title,Click to stop receiving notifications whenever this author publishes new stories,Bu istifadəçi yeni hekayələr paylaşanda bildirişləri dayandırmaq üçün bas
424,az.app.common.email,Email,E-poçt
425,az.app.common.views,Views,Baxışlar
426,az.app.common.permalink,Permalink,Daimi Keçid
427,az.app.common.shortened_url,Short URL,Qısa URL
428,az.app.common.share_story,Share this story,Hekayəni paylaş
429,az.app.common.share_facebook,Share on Facebook,Facebook-da paylaş
430,az.app.common.share_twitter,Share on Twitter,Twitter-də paylaş
431,az.app.common.share,Share,Paylaş
432,az.app.common.staff_pick,Staff Pick,Redaksiya Heyətinin Seçimi
433,az.app.common.wide,wide,geniş
434,az.app.common.partial,Link to Story,Hekayəyə keçid
435,az.app.common.partial_text,"Embed a link to the story that has the same look as the story links on the home page of Chai Khana (image, title, author, etc)","Hekayənizə Çayxananın ana səhifəsindəki hekayə keçidlərinə bənzər keçid əlavə et (şəkil, sərlövhə, müəllif və s.)"
436,az.app.common.full,Full Story,Tam Hekayə
437,az.app.common.full_text,Embed the complete story on another website. We suggest you make the width as large as possible to produce the best look.,"Hekayəni tamamilə başqa sayta daxil et. Ən yaxşı xarici görünüşü yaratmaq üçün, tövsiyəmiz odur ki, eni mümkün olduqca böyüdəsiniz."
438,az.app.common.feed,Chai Khana Feeds,Çayxananın Xəbər Lenti
439,az.app.common.home,Home,Ana Səhifə (homepage)
440,az.app.common.required,Required,Tələb olunur
441,az.app.common.nothing_selected,Nothing Selected,Heç Nə Seçilməyib
442,az.app.common.clone_asset,Use the original file?,Orijinal faylı istifadə et?
443,az.app.common.embed,Embed Code,Daxil edilən kod
444,az.app.common.scroll_top,Scroll to the top,Yuxarıya sürüşdür
445,az.app.msgs.does_not_exist,You tried to access a page that does not exist.,Siz mövcud olmayan səhifəyə daxil olmaq istədiniz.
446,az.app.msgs.not_authorized,You are not authorized to view that page.,O sahifəyə daxil olmağa icazəniz yoxdur.
447,az.app.msgs.success_created,%{obj} was successfully created.,%{obj} uğurla yaradıldı.
448,az.app.msgs.success_updated,%{obj} was successfully updated.,%{obj} uğurla yeniləndi.
449,az.app.msgs.success_publish,%{obj} was successfully published.,%{obj} uğurla dərc edildi.
450,az.app.msgs.success_unpublish,%{obj} was successfully unpublished.,%{obj}-nin dərc edilməsi uğurla geri alındı.
451,az.app.msgs.success_clone,%{obj} was successfully cloned to %{to}.,%{obj} uğurla %{to}-ya köçürüldü.
452,az.app.msgs.error_created,%{obj} wasn't created: %{err},%{obj} yaradılmadı: %{err}
453,az.app.msgs.error_updated,%{obj} wasn't updated: %{err},%{obj} yenilənmədi: %{err}
454,az.app.msgs.error_publish,%{obj} wasn't published: %{err},%{obj} dərc edilmədi: %{err}
455,az.app.msgs.error_publish_missing_fields,%{obj} can't be published until you provide a summary and thumbnail image.,%{obj} eskiz və ya xülasə təmin edilmədən dərc edilə bilməz.
456,az.app.msgs.error_publish_missing_fields_link,Add the missing content.,Əskik məzmunu daxil et.
457,az.app.msgs.error_publish_missing_sections,At least one Section required before publishing.,Dərc olunannan əvvəl ən azı bir bölmə tələb olunur.
458,az.app.msgs.error_publish_missing_content_section,All Text Sections must have content in it.,Ən azı bir bölmə lazımdır.
459,az.app.msgs.error_publish_missing_translations,The story must be completely translated in %{lang} in order to be published.,Dərc olunmaq üçün bu material tamamilə %{lang} tərcümə olunmalıdır.
460,az.app.msgs.error_unpublish,%{obj} wasn't unpublished: %{err},%{obj} dərc edilməsi geri alınmadı: %{err}
461,az.app.msgs.error_clone,%{obj} wasn't cloned.,%{obj} köçürülmədi.
462,az.app.msgs.error_clone_notification,Error occurred while cloning story: %{msg},Hekayə köçürüləndə xəta baş verdi: %{msg}
463,az.app.msgs.error_export,Story can't be downloaded.,Hekayə endirilə bilinməz.
464,az.app.msgs.error_get_data,The selected item could not be found,Seçilən material tapılmadı
465,az.app.msgs.select_section,Please select a Section first in order to add an Item,Material daxil etmək üçün lütfən öncə Bölməni seçin
466,az.app.msgs.staff_pick,The story has been selected as a Staff Pick,Hekayə Readksiya Heyətinin Seçimi kimi seçilibdir
467,az.app.msgs.staff_unpick,The story has been unselected as a Staff Pick,Hekayə Redaksiya Heyətinin Seçimindən xaric edilibdir
468,az.app.msgs.success_settings,Your settings were successfully updated.,Sizin parametrlər uğurla yeniləndi.
469,az.app.msgs.success_remove_avatar,Your Facebook avatar is now being used.,Artıq sizin Facebook avatarınız istifadə edilir.
470,az.app.msgs.nickname_duplicate,This user URL already exists.,Bu istifadəçinin URL-ı artıq mövcuddur.
471,az.app.msgs.nickname_url,Your URL will be:,Sizin URL-ınız:
472,az.app.msgs.story_duplicate,This story URL already exists.,Bu hekayənin URL-ı artıq mövcuddur.
473,az.app.msgs.story_url,Story URL will be:,Hekayənin URL-ı:
474,az.app.msgs.update_translations,Don't forget to translate this new item!,Don't forget to translate this new item!
475,az.app.msgs.invitation.accepted,You have accepted the invitation to collaborate on '%{title}',Sən '%{title}' üzrə əməkdaşlıq dəvətini qəbul etmisən
476,az.app.msgs.invitation.accepted_already,You have already accepted the invitation to collaborate on '%{title}',Sən '%{title}' üzrə əməkdaşlıq dəvətini artıq qəbul etmisən
477,az.app.msgs.invitation.bad,"Sorry, your invitation could not be found or the story has been deleted.","Üzr istəyirik, sizin dəvətiniz tapılmadı və ya hekayə silinibdir."
478,az.app.msgs.invitation.declined,Your invitation was declined,Sənin dəvətin qəbul edilmədi
479,az.app.msgs.one_section.content,Only one Item can be added to a Text section,Mətn bölməsinə yalnız bir material daxil edilə bilər
480,az.app.msgs.one_section.slideshow,Only one Item can be added to an Image Slideshow section,Şəkil Slayd Nümayişinə yalnız bir material daxil edilə bilər
481,az.app.msgs.one_section.embed_media,Only one Item can be added to an Embed Online Media section,Daxil Ediləsi Onlayn Media Bölməsinə yalnız bir material əlavə edilə bilər
482,az.app.msgs.one_section.youtube,Only one Item can be added to a YouTube section,Youtube bölməsinə yalnız bir material daxil edilə bilər
483,az.app.msgs.one_section.general,Only one Item can be added to this type of section,Bu növ bölməyə yalnız bir material daxil edilə bilər
484,az.app.msgs.destroy_story.success,Story was successfully deleted.,Hekayə uğurla silindi.
485,az.app.msgs.destroy_story.error,Error occurred while deleting the story: %{err},Hekayə silinərkən xəta baş verdi: %{err}
486,az.app.msgs.destroy_item.success,Item was successfully deleted.,Material uğurla silindi.
487,az.app.msgs.destroy_item.error,Error occurred while deleting the item: %{err},Materialı silərkən xəta baş verdi: %{err}
488,az.app.msgs.destroy_item.error_not_found,Item could not be found to delete.,Silinməli material tapılmadı.
489,az.app.msgs.embed_code,Copy and paste this embed code into your web page,Copy and paste this embed code into your web page
490,az.app.msgs.collaborators.success_remove,%{name} was removed as a collaborator,%{name} əməkdaşlıqdan xaric edildi
491,az.app.msgs.collaborators.user_not_found,User to remove as a collaborator could not be found,Əməkdaşlıqdan xaric ediləsi istifadəçi tapılmadı
492,az.app.msgs.collaborators.no_permission,You do not have permission to remove this collaborator,Bu əməkdaşı xaric etməyə icazəniz yoxdur
493,az.app.msgs.collaborators.success_invitations,Invitations were sent!,Dəvətlər göndərildi!
494,az.app.msgs.collaborators.error_invitations_all,No invitations were sent due to the following erros: %{msg},Növbəti xətalara görə heç bir dəvət göndərilmədi: %{msg}
495,az.app.msgs.collaborators.error_invitations_some,"Some invitations were sent, but some were not due to the following erros: %{msg}","Bəzi dəvətlər göndərildi, amma növbəti xətalara görə bəziləri göndərilmədi: %{msg}"
496,az.app.msgs.notification.true,You will be sent notifications.,Sizə bildirişlər göndəriləcək.
497,az.app.msgs.notification.false,You will not be sent notifications.,Sizə bildirişlər göndərilməyəcək.
498,az.app.msgs.notification.new_theme_all_success,You will recieve a notification whenever a theme is added.,Mövzu əlavə olunanda siz bildiriş alacaqsınız.
499,az.app.msgs.notification.new_theme_none_success,You will not receive any notifications when themes are added.,Bu mövzular əlavə olunanda siz bildiriş ala bilməyəcəksiniz.
500,az.app.msgs.notification.new_story_by_type_success,You will receive a notification when a story is added to these types: %{types}.,Material növlərə  əlavə olunanda siz bildiriş alacaqsınız  %{types}.
501,az.app.msgs.notification.story_comments_yes,You will be sent notifications when a comment is made to one of your stories.,Hər hansısa hekayənizə şərh yazılanda sizə bildiriş göndəriləcək.
502,az.app.msgs.notification.story_comments_no,You will not be sent notifications when a comment is made to one of your stories.,Hər hansısa hekayənizə şərh yazılanda sizə bildiriş göndərilməyəcək.
503,az.app.msgs.notification.following_no,You will no longer receive notifications about new stories from '%{name}'.,Artıq '%{nickname}' -dən yeni hekayələr barədə sizə bildirişlər göndərilməyəcək.
504,az.app.msgs.notification.language,You will be sent notifications in %{language}.,Bildirişlər sizə %{language} dilində göndəriləcək.
505,az.app.msgs.fail_change_order,The item was not able to be moved,Materialı tərpətmək mümkün olmadı
506,az.app.msgs.nothing_selected,Please select a section/item to delete,Lütfən silinəsi böməni/materialı seçin
507,az.app.msgs.fail_delete,The section/item could not be deleted,Bölməni/materialı silmək mümkün olmadı
508,az.app.msgs.confirm_delete,Are you sure you want to delete this section/item?,Bu bölmənin/materialın silinməsindən əminsinizmi?
509,az.app.msgs.confirm_publish,Are you sure you want to publish story?,Are you sure you want to publish story?
510,az.app.msgs.video_processed,Your video is processed,Sizin videonuz emal edildi
511,az.app.msgs.video_not_processed,Your video is being processed,Sizin videonuz emal edilir
512,az.app.msgs.not_found_for_update,The record to update could not be found in the database.,Yenilənəcək qeyd verilənlər bazasında tapılmadı.
513,az.section_types.content.name,Text,Mətn
514,az.section_types.content.description,"Can include html, css styling and images","Html, css stilləri və şəkilləri daxil edilə bilər"
515,az.section_types.media.name,Full-Screen Media Slideshow,Tam Ekran Media Slayd Nümayişi
516,az.section_types.media.description,Images and/or videos as a full-screen vertical slideshow,Şəkillərin və ya Videoların tam ekran vertikal slayd nümayişi
517,az.section_types.slideshow.name,Image Slideshow,Şəkil Slayd Nümayişi
518,az.section_types.slideshow.description,Images in a horizontal slideshow,Şəkillərin horizontal slayd nümayişində
519,az.section_types.embed_media.name,Embed Online Media,Onlayn Medianı Daxil Et
520,az.section_types.embed_media.description,"YouTube, Vimeo, etc","YouTube, Vimeo, və s."
521,az.section_types.youtube.name,YouTube Video,YouTube Videosu
522,az.section_types.youtube.description,YouTube video with ability to setting caption language,Şəkilaltı imza dilinin dəyişmə qabiliyyəti olan YouTube videosu
523,az.section_types.infographic.name,Infographic,Infographic
524,az.section_types.infographic.description,"Infographic, interactive, or factoids with ability to add datasets and data sources","Infographic, interactive, or factoids with ability to add datasets and data sources"
525,az.story_role.editor,Editor,Redaktor
526,az.story_role.translator,Translator,Tərcüməçi
527,az.message_types.bug,Report a Bug,Səhvlər barədə məlumat ver
528,az.message_types.feature,Request a Feature,Yeni funksiya tələb et
529,az.message_types.feedback,General Feedback,Ümumi Qiymətləndirmə
530,az.filters.all,All,Hər şey
531,az.filters.matches,Matches,Uyğun gələnlər
532,az.filters.staff_pick,Staff Pick,Redaksiya Heyətinin Seçimi
533,az.filters.staff_pick_title,View stories that have been selected as Staff Picks,Redaksiya Heyətinin Seçimi kimi seçilən hekayələrə bax
534,az.filters.staff_pick_title_active,Remove Staff Pick filter,Redaksiya Heyətinin Seçimi filtrini aradan qaldır
535,az.filters.sort_header,Sorted By,xxx - Qaydası ilə Sırala
536,az.filters.sort_title,Indicate how the stories should be sorted,Hekayələrin sıralama qaydasını göstər
537,az.filters.filters,Filters,Filtrlər 
538,az.filters.all_stories,All Stories,Bütün hekayələr
539,az.filters.sort.recent,Recent,Son hekayələr
540,az.filters.sort.reads,Views,Baxışlar
541,az.filters.sort.likes,Likes,Bəyənənlər
542,az.filters.category_header,Category,Kateqoriyalar
543,az.filters.category_title,View stories that belong to a category,Kateqoriyaya aid olan hekayələrə bax
544,az.filters.theme_header,Theme,Mövzu
545,az.filters.theme_title,View stories that belong to a theme,Mövuya aid olan hekayələrə bax
546,az.filters.language_header,Language,Dil
547,az.filters.language_title,View stories that are written in a particular language,Xüsusi dildə yazılan hekayələrə bax
548,az.filters.search,Find a Story,Hekayə Tap
549,az.filters.following,Following,İzləyirəm
550,az.filters.following_title,View stories of users that you are following,İzlədiyin istifadəçilərin hekayələrinə bax
551,az.filters.following_title_active,Remove Following filter,"""İzləyirəm"" filtrini aradan qaldır"
552,az.filters.not_published,Not Published,Dərc Edilməyib
553,az.filters.not_published_title,View stories that are not published,Dərc edilməmiş hekayələrə bax
554,az.filters.not_published_title_active,Show all stories,Bütün hekayələri göstər
555,az.tokeninput.searchingText,Searching...,Axtarır...
556,az.tokeninput.tag.hintText,Search for an existing tag or enter a new tag,"Mövcud olan nişanı axtar, və ya yeni nişan daxil et"
557,az.tokeninput.tag.noResultsText,No matches found. Press 'Enter' to save this new tag.,"Tapılmadı. Yeni nişanı yadda saxlamaq üçün ""Enter"" düyməsinə bas."
558,az.tokeninput.collaborator.hintText,Search for an existing user or enter the email address for a new user,"Mövcud olan istifadəçini axtar, və ya yeni istifadəçinin e-poçtunu daxil et."
559,az.tokeninput.collaborator.noResultsText,No matches found. Press 'Enter' to add this email address to the list of invited collaborators.,"Tapılmadı. Bu e-poçtu dəvət edilmiş əməkdaşlar siyahısına daxil etmək üçün ""Enter"" düyməsinə bas."
560,az.layouts.application.copyright,Copyright,Müəllif Hüquqları
561,az.layouts.application.copyright_text,Copyright of these reports belongs to the Chai-Khana NGO. Any republishing of materials is not allowed without the prior consent of Chai-Khana.,Bu materialların Müəllif Hüquqları  Chai-Khana QHT-ya məxsusdur. Chai-Khana-nın əvvəlcədən razılığı olmadan materialların yayınmasında yol verilmir.
562,az.layouts.application.disclaimer,Disclaimer,Məsuliyyətdən imtina
563,az.layouts.application.disclaimer_text,"This publication has been produced with the assistance of MYMEDIA, a DANIDA funded project. The content of this publication is the sole responsibility of the author/contractor/implementing partner/international organisation and can in no way be taken to reflect the official opinion of MYMEDIA / DANIDA. ","Bu sayt MYMEDIA, DANIDA tərəfindən maliyyə yardımı ilə hazırlanmışdır. Saytın məzmunu  müəllif/ işə götürən/ tərəfdaş/ beynaxalq təşkilatı məsuliyyəti daşıyır və  MyMedia/ Danida rəsmi mövqeyini əks etdirmir. "
564,az.layouts.unsupported_browser.title,Unsupported Browser,Dəstəklənməyən brauzer
565,az.layouts.unsupported_browser.video,Your browser does not support this video.,Sizin brauzeriniz bu videonu dəstəkləmir.
566,az.layouts.unsupported_browser.p1,We are sorry to report that your browser is out of date and will not properly render the content from this website.,"Təssüff edirik ki, sizin brauzeriniz köhnədir və bu saytın məzmununu lazımı qaydada göstərməyəcək."
567,az.layouts.unsupported_browser.p2,"On the bright side, there are several free browsers that you can download that are compatible with this site.","Amma, bu sayta uyğun olan bir neçə pulsuz brauzer mövcuddur və siz onları endirə bilərsiniz."
568,az.layouts.unsupported_browser.chrome,Chrome,Chrome
569,az.layouts.unsupported_browser.firefox,Firefox,Firefox
570,az.layouts.unsupported_browser.ie,Internet Explorer (Windows only),Internet Explorer (yalnız Windows üçün)
571,az.layouts.unsupported_browser.opera,Opera,Opera
572,az.layouts.unsupported_browser.Safari,Safari,Safari
573,az.layouts.unsupported_browser.admin,Admin,İnzibatçılıq
574,az.layouts.unsupported_browser.sign_out,Sign Out,Çıx
575,az.layouts.unsupported_browser.js_link_title,JumpStart Georgia - We communicate data better!,JumpStart Georgia - Biz məlumatı daha yaxşı paylaşırıq!
576,az.layouts.unsupported_browser.js_link_text,Built by,xxx tərəfindən hazırlanıb
577,az.layouts.storybuilder.source,Source,Mənbə
578,az.layouts.storybuilder.target,Target,Hədəf
579,az.layouts.storybuilder.copy_paste,Copy from source,mənbədən köçürd
580,az.shared.grid.no_stories,Oh no - no stories could be found!,"Təəssüf ki, heç bir hekayə tapılmadı!"
581,az.shared.story_nav_modals.copy,Copy To Clipboard...,Mübadilə Buferinə Köçür...
582,az.shared.story_nav_modals.copied,Copied!,Köçürüldü
583,az.admin.index.title,Administration Section,İnzibatçılıq Bölməsi
584,az.admin.index.users,Users,İstifadəçilər
585,az.admin.users.edit.title,Editing User,Redaktə edən istifadəçi
586,az.admin.users.index.title,Users,İstifadəçilər
587,az.admin.users.new.title,New User,Yeni İstifadəçilər
588,az.admin.users.show.title,User Details,İstifadəçinin detalları
589,az.admin.themes.form.header_features,Features,Features
590,az.admin.themes.form.header_add_story,Select Story to be Feature,Select Story to be Feature
591,az.admin.themes.form.header_current_features,Featured Stories In the Order They Will Appear,Featured Stories In the Order They Will Appear
592,az.admin.themes.form.no_stories,No stories have been assigned to this theme yet.,No stories have been assigned to this theme yet.
593,az.admin.themes.form.no_features,No stories have been selected to be features.,No stories have been selected to be features.
594,az.root.about.title,About Chai Khana,Çayxana barədə
595,az.root.embed.home_link,Built on Chai Khana,Çayxanada hazırlanıb
596,az.stories.new.title,Story Settings Form,Hekayə parametrlərinin Forması
597,az.stories.edit.title,Story Settings Form,Hekayə parametrlərinin Forması
598,az.stories.form.placeholder.title,Title of Story,Hekayənin Sərlövhəsi
599,az.stories.form.placeholder.permalink,URL to the story,Hekayəyə URL
600,az.stories.form.placeholder.author,Author(s) of the article,Məqalənin Müəllifi(Müəllifləri)
601,az.stories.form.placeholder.media_author,Author(s) of photos and/or videos,Şəkilin və ya Videonun Müəllifi(Müəllifləri)
602,az.stories.form.placeholder.translation_author,Author(s) that translated the story into this language,Hekayəni bu dilə tərcümə edən Müəllif(lər)
603,az.stories.form.hint.title,Story title will appear at the top of your story,Hekayə sərlövhəsi hekayənin üstündə göstəriləcək
604,az.stories.form.hint.permalink,"The default URL is the title of the story, but you can change it if desired","Defolt URL hekayənin sərlövhəsidir, amma arzunuz varsa bunu dəyişə bilərsiniz"
605,az.stories.form.hint.author,Select the author(s) of the story to allow the story to appear on their webpage.,"Hekayənin müəllifini (müəlliflərini) seç ki, hekayə onun (onların) səhifəsində göstərilsin"
606,az.stories.form.hint.media_author,Author names will appear below the Story Author names,Müəlliflərin adları hekayə müəlliflərinin adlarının altında göstəriləcək 
607,az.stories.form.hint.translation_author,Author names will appear below the Photo and Video Author names,Müəlliflərin adları Şəkil və Video müəlliflərinin adlarının altında göstəriləcək 
608,az.stories.form.hint.published,Published stories are available for the world to view,Dərc edilən hekayələrə bütün dünya baxa bilər
609,az.stories.form.hint.publish_home_page,"If checked, your published story will appear on the site's homepage","Seçilibsə, sizin hekayəniz saytın ana səhifəsində göstəriləcək "
610,az.stories.form.hint.template,Choose template to apply styling to story,Stili hekayədə istifadə etmək üçün şablonu seç
611,az.stories.form.hint.thumbnail,Image that is used to show the story on the home page when the story is published (jpg and png only; 4MB file size limit),Hekayə dərc ediləndə onu ana səhifədə göstərən şəkil (yalnız jpg və ya png; fayl böyüklüyü 4MB-a məhduddur)
612,az.stories.form.hint.editor,Person that created the story record in this website,Hekayənin qeydini bu saytda yaradan şəxs
613,az.stories.form.hint.editors,Select people that you want to give access to edit the story,Hekayəni redaktə etmək üçün icazəsi olan şəxsləri seç
614,az.stories.form.hint.about,Short summary of story that will be used on the home page and when you story is shared,Sizin hekayənizin ana səhifəyə yerləşdiriləndə və ya paylaşılanda göstərilən qısa xülasəsi
615,az.stories.form.hint.locale,Select the language of your story. Allows users to filter stories by a language.,Hekayənin dilini seç. İstifadəçilərə hekayələri dil üzrə filtr etməyə icazə verir.
616,az.stories.form.hint.categories,Select the category(s) your story belongs to.  Allows users to filter stories by a category.,Sənin hekayənin hansı kateqoriyalara aid olduğunu seç. İstifadəçilərə hekayələri kateqoriya üzrə filtr etməyə icazə verir.
617,az.stories.form.hint.tag_list,"Enter text to find existing tags.  If your tag does not exist yet, press 'Enter' to add the new tag to the list.","Mövcud olan nişanları tapmaq üçün mətn daxil et. Sizin nişan hələ mövcud deyilsə, ""Enter"" düyməsinə basaraq onu siyahıya əlavə edə bilərsiniz."
618,az.stories.form.hint.story_type,Select the type of your story.,Hekayənin növünü seç.
619,az.stories.form.hint.theme,Select the theme(s) your story belongs to.,Hekayənizə aid olan mövzuları seçin.
620,az.stories.form.hint.in_theme_slider,"If checked, this story will appear in the slider at the top of the theme page.","Seçilibsə, bu hekayə mövzu səhifəsinin yuxarı panelində göstəriləcək."
621,az.stories.collaborators.title,Collaborators for '%{title}',%{title}' Əməkdaşları
622,az.stories.collaborators.owner_header,Story Author,Hekayə müəllifi
623,az.stories.collaborators.collaborators_header,Story Collaborators,Hekayə əməkdaşları
624,az.stories.collaborators.explanation,A story collaborator is someone that has access to edit this story.,"Hekayə əməkdaşı, hekayəni redakte etməyə icazəsi olan şəxsdir. "
625,az.stories.collaborators.editors_header,Editors,Redaktorlar
626,az.stories.collaborators.editor_explanation,An Editor has access to add/edit the story and translate the story into any language. An Editor can also add collaborators and publish the story.,Redaktorun hekayəyə əlavə/ dəyişiklik və ya tərcümə etməyə icazəsi var. Redaktor həm əməkdaşlar əlavə edə bilər həm də hekayəni dərc edə bilər. 
627,az.stories.collaborators.translators_header,Translators,Tərcüməçilər
628,az.stories.collaborators.translator_explanation,"A Translator has access to translate the story into a specific language(s). A Translator does not have the ability to edit the original story, add collaborators or publish the story.","Tərcüməçinin hekayəni xüsusi bir dillərə tərcümə etməyə icazəsi var. Təcüməçinin orijinal hekayəni redaktə etməyə, əməkdaşlar əlavə etməyə və hekayəni dərc etməyə icazəsi yoxdur."
629,az.stories.collaborators.remove_title,Remove %{name},%{name} kənarlaşdır
630,az.stories.collaborators.not_accepted_title,%{name} has not accepted the invitation yet,%{name} dəvəti hələ qəbul etməyib
631,az.stories.collaborators.add_header,Add Collaborators,Əməkdaşları əlavə et
632,az.stories.collaborators.add_explanation,"For the users you enter below, an email will be sent inviting them to be a collaborator on this story.","Aşağıda daxil etdiyiniz istifadəçilərə, bu hekayədə əməkdaş olmaları üçün dəvət elektron poçtu göndəriləcək. "
633,az.stories.collaborators.editor_label,Enter the names or email addresses of the editors,Redaktorların adlarını və ya e-poçtlarını daxil edin
634,az.stories.collaborators.language_label,Select the translation language(s),Tərcümə dillərini seçin
635,az.stories.collaborators.translator_label,Enter the name or email address of the translator,Tərcüməçinin adını və ya e-poçtunu daxil edin
636,az.stories.collaborators.translator_add,Add Another Translator,Başqa tərcüməçini əlavə et
637,az.stories.collaborators.translator_remove,Remove Translator,Tərcüməçini kənarlaşdır
638,az.stories.collaborators.message,Add Message to Notification (optional),Biıldirişə mesaj əlavə et (könüllü)
639,az.stories.collaborators.submit,Send Collaboration Invitation,Əməkdaşlıq Dəvətini Göndər
640,az.stories.media.form_title,Full-Screen Media Slideshow Form,Tam ekran Media Slayd Nümayişinin Forması
641,az.stories.media.left,Left,Sol
642,az.stories.media.center,Center,Mərkəz
643,az.stories.media.right,Right,Sağ
644,az.stories.media.image,Image,Şəkil
645,az.stories.media.video,Video,Video
646,az.stories.media.floating,Floating,Üzən
647,az.stories.media.fixed,Fixed,Hərəkətsiz
648,az.stories.media.placeholder.title,Media title,Media Sərlövhəsi
649,az.stories.media.placeholder.caption,Caption text,Şəkilaltı imzanın mətni
650,az.stories.media.placeholder.source,Source of the image/video,Şəkilin/videonun mənbəyi
651,az.stories.media.hint.title,"This text only appears in the left sidebar, it will not show up in the story","Bu mətn hekayədə yox, yalnız sol paneldə göstəriləcək. "
652,az.stories.media.hint.media_type,"For videos, an image is necessary because videos are not loaded on mobile devices.","Videolar üçün şəkil lazımdır, çünki videolar mobil cihazlarda yüklənmir."
653,az.stories.media.hint.caption,"Caption text will appear on top of the image/video. If this is the first item in the story, the caption text is hidden.",Şəkilaltı imzanın mətni şəkilin/videonun üstündə göstəriləcək. Əgər bu hekayədə ilkin materialdırsa şəkilaltı imzanın mətni qizlənəcək.
654,az.stories.media.hint.source,"Source of the image/video, appears in the bottom-right corner",Şəkilin/videonun mənbəyi sağ alt küncdə göstəriləcək.
655,az.stories.media.hint.image,Only jpg format allowed; 4MB file size limit,Yalnız jpg fayl növü olar; böyüklüyü 4MB-a məhduddur
656,az.stories.media.hint.video,"Only mp4, mov, webm, ogv, flv, avi and wmv formats accepted; 25MB file size limit. After videos are uploaded they must be processed before they are available for viewing. You will receive a notification when the processing is complete, typically within a few minutes.","Yalnız mp4, mov, webm, ogv, flv, avi və wmv fayl növləri qəbul edilir; böyüklüyü 25MB-a məhduddur. Videolar yüklənəndən sonra, baxılmağa hazır olmaları üçün emal edilməlidir. Emal bitəndə sizə bildiriş gələcək. Adətən bir neçə dəqiqə çəkir."
657,az.stories.media.hint.caption_align,The Caption text will appear on top of the image/video (appears on the left by default) ,"Şəkilaltı imza, videonun/şəkilin üstündə göstəriləcək (defolt olaraq mətn sol tərəfdə göstərilir)"
658,az.stories.media.hint.infobox_type,The Caption text can float on top of the image/video or can be fixed at the bottom of the image/video,"Şəkilaltı imza videonun/şəkilin üstündə üzə bilər, və ya videonun/şəkilin altına yerləşdirilə bilər."
659,az.stories.media.hint.video_loop,"If checked, the video will loop infinitly, otherwise the video will not loop","Seçilibsə, video daimi fasiləsiz təkrarlanacaq, əks halda video təkrarlanmayacaq."
660,az.stories.section.form_title,Section Form,Bölmə Forması
661,az.stories.section.yes,Yes,Bəli
662,az.stories.section.no,No,Xeyir
663,az.stories.section.placeholder.title,Section title,Bölmə Sərlövhəsi
664,az.stories.section.hint.title,"This text appears in the left sidebar and, if Navigation Shortcut is selected, will appear as the title text for the shortcut","Bu mətn sol paneldə göstəriləcək, və əgər naviqasiya qisayolu seçilibsə, qisayol keçidin sərlövhəsi olacaq. "
665,az.stories.section.hint.type,Selecting this type determines what kind of information you can add into this section,"Bu növü seçməyiniz, bölməyə nə cür məlumatın daxil ediləcəyini müəyyənləşdirir."
666,az.stories.section.hint.has_marker,"If checked, there will be a navigation shortcut link to go to this section","Seçilibsə, naviqasıyada bu bölməyə qisayol keçidi olacaq."
667,az.stories.section.hint.audio,Background audio to play while this section is in view (mp3 format only; 10mb file size limit),Arxa planın audiosu bu bölmə izlənəndə çalacaq (yalnız mp3 fayl növü; böyüklüyü 10mb-a məhduddur)
668,az.stories.section.hint.delete_audio,"If checked, the Audio Track will be deleted","Seçilibsə, Audio Cığır silinəcək"
669,az.stories.content.form_title,Text Form,Mətn Forması
670,az.stories.content.placeholder.title,Text title,Mətnin Sərlövhəsi
671,az.stories.content.placeholder.caption,optional,könüllü seçim
672,az.stories.content.placeholder.sub_caption,optional,könüllü seçim
673,az.stories.content.hint.title,"This text only appears in the left sidebar, it will not show up in the story","Bu mətn hekayədə yox, yalnız sol paneldə görünəcək."
674,az.stories.content.hint.caption,Heading of text will appear at the top of the section,"Başlığın mətni, Bölmənin üstündə görünəcək"
675,az.stories.content.hint.sub_caption,Subheading of text will appear below the Heading,Alt-başlığın mətni başlığın altında görünəcək
676,az.stories.content.hint.content,"Text can include html, css styling and images","Html, css stilləri və şəkilləri daxil edilə bilər"
677,az.stories.reviewer_key.title,Private URL,Özəl URL
678,az.stories.reviewer_key.desc,"You can copy and share the following URL with whomever you want to review '%{title}' before it is published. These people will have the ability to read your story, but not edit it.","Dərc edilmədən öncə, bu URL-i köçürüb istədiyiniz şəxslərlə '%{title}' müzakirə etmək üçün paylaşa bilərsiniz. Bu şəxslərə sizin hekayəni oxumağa icazə veriləcək, amma redaktə etmək üçün icazələri olmayacaq."
679,az.stories.slideshow.form_title,Image Slideshow Form,Şəkil Slayd Nümayişi Forması
680,az.stories.slideshow.add_image,Add Image,Şəkil Daxil Et
681,az.stories.slideshow.placeholder.title,Slideshow Title,Slayd Nümayişinin Sərlövhəsi
682,az.stories.slideshow.placeholder.caption,optional,könüllü seçim
683,az.stories.slideshow.hint.title,"This text only appears in the left sidebar, it will not show up in the story","Bu mətn hekayədə yox, yalnız sol paneldə görünəcək."
684,az.stories.slideshow.hint.caption,Heading will appear at the top of the slideshow,Sərlövhə slayd nümayişinin üstündə görünəcək
685,az.stories.slideshow.hint.description,The description will appear below the slideshow,təsvir slaydın altında yerləşir
686,az.stories.asset_file_fields.remove_image,Remove,Sil
687,az.stories.asset_file_fields.placeholder.caption,optional,könüllü seçim
688,az.stories.asset_file_fields.placeholder.source,optional,könüllü seçim
689,az.stories.asset_file_fields.hint.caption,Image Description will appear below the image,Şəkilin Təsviri şəkilin altında görünəcək
690,az.stories.asset_file_fields.hint.source,Source will appear below the Image Description,Mənbə Şəkil Təsvirinin altında görünəcək
691,az.stories.asset_file_fields.hint.asset,Only jpg and png format allowed; 4MB file size limit,Yalnız jpg və png fayl növü olar; faylın böyüklüyü 4MB-a məhduddur
692,az.stories.asset_file_fields.label.caption,Image Description,Şəkilin Təsviri
693,az.stories.asset_file_fields.label.source,Image Source,Şəkilin Mənbəyi
694,az.stories.embed_media.form_title,Embed Online Media Form,Onlayn Medianı Daxil Etmə Forması
695,az.stories.embed_media.get_media,Get Online Media,Onlayn Medianı Al
696,az.stories.embed_media.preview,Preview of Online Media,Onlayn medianın sınaq baxışı
697,az.stories.embed_media.error,The URL could not be processed. Please try again.,URL-ı emal etmək mümkün olmadı. Lütfən bir daha cəhd edin.
698,az.stories.embed_media.placeholder.title,Embed Online Media Title,Daxil Ediləsi Onlayn Medianın Sərlövhəsi
699,az.stories.embed_media.placeholder.url,URL to online media,Onlayn mediaya URL
700,az.stories.embed_media.hint.title,"This text only appears in the left sidebar, it will not show up in the story","Bu mətn hekayədə yox, yalnız sol paneldə görünəcək."
701,az.stories.embed_media.hint.url,"The following sites can be used for embeding online media: AUDIO: Soundcloud, Spotify; VIDEO: YouTube, Vimeo, Twitch.TV, Dotsub, Dailymotion, LiveLeak, Vine, TED","Növbəti saytlar, onlayn medianı daxil etmək üçün istifadə edilə bilər: AUDİO: Soundcloud, Spotify; VİDEO: YouTube, Vimeo, Twitch.TV, Dotsub, Dailymotion, LiveLeak, Vine, TED"
702,az.stories.youtube.form_title,YouTube Video Form,YouTube Video Forması
703,az.stories.youtube.get_media,Get Youtube Video,Youtube Videosunu Al
704,az.stories.youtube.preview,Preview,YouTube Videosunun sinaq baxışı
705,az.stories.youtube.error,The URL could not be processed. Please try again.,URL-ı emal etmək mümkün olmadı. Lütfən bir daha cəhd edin.
706,az.stories.youtube.generate_iframe.missing_api_key,value can't be generated due to missing API key.,value can't be generated due to missing API key.
707,az.stories.youtube.generate_iframe.error,is not valid.,value can't be generated.
708,az.stories.youtube.placeholder.title,YouTube Title,YouTube Sərlövhəsi
709,az.stories.youtube.placeholder.url,URL to YouTube video,YouTube video URL-ı
710,az.stories.youtube.hint.title,"This text only appears in the left sidebar, it will not show up in the story","Bu mətn hekayədə yox, yalnız sol paneldə görünəcək."
711,az.stories.youtube.hint.url,Copy a YouTube URL and paste it here,Youtube URL-ını bura köçür
712,az.stories.youtube.hint.fullscreen,"If checked, the video will take up the entire screen","Seçilibsə, video tam ekranı əhatə edəcək"
713,az.stories.youtube.hint.loop,"If checked, the video will loop over and over","Seçilibsə, video fasiləsiz təkrarlanacaq"
714,az.stories.youtube.hint.info,"If checked, the title bar will be shown on top of the video","Seçilibsə, sərlövhə paneli videonun üstundə göstəriləcək"
715,az.stories.youtube.hint.cc,"If checked, the video subtitles will be shown by default","Seçilibsə, defolt olaraq videonun subtitrları göstəriləcək"
716,az.stories.youtube.hint.menu_lang,Language of the YouTube menu/controls,YouTube menyu/kontrollarının ilkin dili.
717,az.stories.youtube.hint.cc_lang,Language of the subtitles to show by default,Göstərilən subtitrların defolt dili.
718,az.stories.infographic.form_title,Infographic Form,Infographic Form
719,az.stories.infographic.add_datasource,Add Data Source,Add Data Source
720,az.stories.infographic.static,Static,Static
721,az.stories.infographic.dynamic,Dynamic,Dynamic
722,az.stories.infographic.inline,In Story,In Story
723,az.stories.infographic.popup,Popup,Popup
724,az.stories.infographic.label.dynamic_size,Infographic Dimensions in Width x Height,Infographic Dimensions in Width x Height
725,az.stories.infographic.placeholder.title,Title,Title
726,az.stories.infographic.placeholder.caption,optional,optional
727,az.stories.infographic.placeholder.dataset_url,optional,optional
728,az.stories.infographic.placeholder.dynamic_url,Interactive URL,Interactive URL
729,az.stories.infographic.placeholder.dynamic_width,width,width
730,az.stories.infographic.placeholder.dynamic_height,height,height
731,az.stories.infographic.hint.title,"This text only appears in the left sidebar, it will not show up in the story","This text only appears in the left sidebar, it will not show up in the story"
732,az.stories.infographic.hint.caption,"Heading of infographic will appear above the infographic image. If this Infographic Section is first in the story, you should leave this blank and use the Story Title field.","Heading of infographic will appear above the infographic image. If this Infographic Section is first in the story, you should leave this blank and use the Story Title field."
733,az.stories.infographic.hint.description,"The description will appear below the infographic. If this Infographic Section is first in the story, the Story Summary will appear below the infographic image so if the Story Summary and Infographic Description are the same, you should leave this field blank.","The description will appear below the infographic. If this Infographic Section is first in the story, the Story Summary will appear below the infographic image so if the Story Summary and Infographic Description are the same, you should leave this field blank."
734,az.stories.infographic.hint.image,Only jpg and png format allowed; 8MB file size limit,Only jpg and png format allowed; 8MB file size limit
735,az.stories.infographic.hint.dataset_file,Please try to compress files to make for quicker download; 25MB file size limit,Please try to compress files to make for quicker download; 25MB file size limit
736,az.stories.infographic.hint.dataset_url,URL to Dataset,URL to Dataset
737,az.stories.infographic.hint.subtype,"Static infographics are images, Dynamic infographics require a URL.","Static infographics are images, Dynamic infographics require a URL."
738,az.stories.infographic.hint.dynamic_url,URL to web page with interactive infographic,URL to web page with interactive infographic
739,az.stories.infographic.hint.dynamic_size,Use these fields to indicate the space you want to reserve for showing this infographic. Leave the fields empty if you want the infographic to be fullscreen. The minimum value is 200.,Use these fields to indicate the space you want to reserve for showing this infographic. Leave the fields empty if you want the infographic to be fullscreen. The minimum value is 200.
740,az.stories.infographic.hint.dynamic_render,The infographic can be rendered in the story or in a popup that appears after the user clicks on the infogaphic image in the story. Use the popup option if the infogaphic takes up the full screen or is very long.,The infographic can be rendered in the story or in a popup that appears after the user clicks on the infogaphic image in the story. Use the popup option if the infogaphic takes up the full screen or is very long.
741,az.stories.infographic_datasource_fields.placeholder.url,optional,optional
742,az.stories.infographic_datasource_fields.hint.name,Name of the data source,Name of the data source
743,az.stories.infographic_datasource_fields.hint.url,URL to the online data source,URL to the online data source
744,az.storyteller.byline,By,Tərəfindən
745,az.storyteller.byline_media,Photos and videos by ,Şəkillər və videolar xxx tərəfindən hazırlanıb
746,az.storyteller.byline_translator,Translated by ,xxx tərəfindən tərcümə edilib
747,az.storyteller.source,Source:,Mənbə:
748,az.storyteller.by,by,tərəfindən
749,az.storyteller.related_stories,Related Stories,Buna aid xəbərlərə bax
750,az.storyteller.view_all_stories_in,View all stories in,Bütün hekayələrə bax
751,az.storyteller.infographic.source,Data Source,Məlumat mənbəyi
752,az.storyteller.infographic.dataset,Related Items,əlaqəli materiallar
753,az.storyteller.infographic.download,Download File,Faylı yüklə
754,az.storyteller.infographic.online,View Data Online,Məlumatı Online Bax
755,az.settings.index.title,Settings,Parametrlər
756,az.settings.index.facebook_avatar,This is your avatar from Facebook.,Bu Facebook avatarınızdır.
757,az.settings.index.use_facebook_avatar,Use Facebook Avatar,Facebook Avatarını istifadə et
758,az.settings.index.hint.about,Short summary about yourself.  This will be shown with the stories that you publish.,Özünüz barədə qısa xülasə. Bu dərc etdiyiniz hekayələrlə göstəriləcək.
759,az.settings.index.hint.default_story_locale,Select the language you want to use by default when creating a new story.,Yeni hekayə yaradarkən defolt dili seç.
760,az.settings.index.submit,Save Settings,Parametrləri yadda saxla
761,az.settings.invitations.title,Collaboration Invitations,Əməkdaşlıq Dəvətləri
762,az.settings.invitations.no_invitations,At this time you have no invitations waiting for you.,Hal-hazırda sizə heç bir dəvət yoxdur.
763,az.settings.invitations.accept_link,Accept,Qəbul Et
764,az.settings.invitations.decline_link,Decline,Rədd Et
765,az.settings.invitations.header_date,Date Sent,Göndərilən tarix
766,az.settings.invitations.header_story,Story Title,Hekayə sərlövhəsi
767,az.settings.invitations.header_role,Role,Rol
768,az.settings.invitations.header_from,Sent By,xxx tərəfindən göndərilib
769,az.settings.notifications.title,Notifications,Bildirişlər
770,az.settings.notifications.explain,You can receive email notifications whenever new stories are published on Chai Khana! Simply sign in to subscribe.,Yeni hekayələr dərc olunanda siz bildiriş ala biləcəksiniz. Sadəcə abunə olun!
771,az.settings.notifications.all_sub_title,All Notifications,Bütün Bildirişlər
772,az.settings.notifications.all_label,Do you want to recieve any notifications from Chai Khana?,Çayxanadan hər hansısa bildiriş almaq istəyirsinizmi?
773,az.settings.notifications.all_no,"No, do not send me any notifications.","Xeyir, bildirişlərin mənə göndərilməsini istəmirəm."
774,az.settings.notifications.all_yes,"Yes, I want notifications sent to me.","Bəli, bildirişlərin mənə göndərilməsini istəyirəm."
775,az.settings.notifications.story_comment_sub_title,New Story Comment Notifications,Yeni Hekayə Şərh Bildirişləri
776,az.settings.notifications.story_comment_label,Do you want to recieve notifications when a comment is made to one of your stories?,Hekayələrinizdən birinə şərh yazılanda bildiriş almaq istəyirsinizmi? 
777,az.settings.notifications.story_comment_no,"No, do not send me any notifications.","Xeyir, bildirişlərin mənə göndərilməsini istəmirəm."
778,az.settings.notifications.story_comment_yes,"Yes, I want notifications sent to me.","Bəli, bildirişlərin mənə göndərilməsini istəyirəm."
779,az.settings.notifications.new_themes_sub_title,New Theme Notifications,Yeni mövzunun bildirişi
780,az.settings.notifications.new_themes_all,Notify me when any theme is added.,Yeni mövzu əlavə olunanda bildirin..
781,az.settings.notifications.new_themes_none,I do not want to receive notifications when a new theme is added.,Yeni hekayələr dərc olunanda mən bildiriş almaq istəmirəm. .
782,az.settings.notifications.new_stories_by_category,Notify me when a story is added to:,: hekayə daxil ediləndə məni bildirin
783,az.settings.notifications.language_sub_title,Notification Language,Bildiriş dili
784,az.settings.notifications.language_label,In what language do you want to receive the notifications?,Bildirişləri hansı dildə almaq istəyirsiniz?
785,az.settings.notifications.following_sub_title,Chai Khana Users You Are Following,İzlədiyiniz Çayxana istifadəçiləri
786,az.settings.notifications.following_label,"You will receive notifications whenever a user you are following publishes a story. To not receive notifications from a user, unfollow them by clicking on their image.","İzlədiyiniz istifadəçilər hekayə dərc etsələr, sizə hər zaman bildirişlər gələcək. İstifadəçidən bildiriş almamaq üçün, onun şəklinə basaraq izləmə siyahınızdan silin."
787,az.settings.notifications.following_not,"At this time, you are not following any users.",Siz hal-hazırda heç bir istifadəçini izləmirsiniz.
788,az.settings.notifications.following_title1,Click to unfollow '%{name}',%{nickname}' izləməmək üçün bura basın
789,az.settings.notifications.following_title2,Click to follow '%{name}',%{nickname}' izləmək üçün bura basın
790,az.settings.notifications.submit,Save Settings,Parametrləri yadda saxla
791,az.imageuploader.missing,An error occurred while processing your image. Please try again.,Sizin şəkiliniz emal ediləndə xəta baş verdi. Lütfən bir daha cəhd edin.
792,az.imageuploader.invalid_type,Invalid file type. Only .jpg or .png is allowed.,Yanlış fayl növü. Yalnız .jpg və ya .png olar.
793,az.imageuploader.size_limit,Image file size is limited to 4MB,Şəkil faylın böyüklüyü 4MB-a məhduddur
794,az.devise.mailer.reset_password_instructions.title,Hello %{nickname}!,Salam %{nickname}!
795,az.devise.mailer.reset_password_instructions.p1,"Someone has requested a link to change your password on Chai Khana, and you can do this through the link below.","Kimsə sizin Çayxana parolunuzu dəyişməyə rica edib, və siz bunu aşağıdaki keçiddən edə bilərsiniz."
796,az.devise.mailer.reset_password_instructions.link_title,Change my password,Parolu dəyiş
797,az.devise.mailer.reset_password_instructions.p2,"If you didn't request this, please ignore this email.","Bunu tələb etmədinizsə, lütfən bu e-poçtuna əhəmiyyət verməyin."
798,az.devise.mailer.reset_password_instructions.p3,Your password won't change until you access the link above and create a new one.,Yuxadıraki keçidə daxil olub yeni parol yaratmadan sizin parolunuz dəyişməyəcək.
