Line #,Key,en Version,ka Translation
1,ka.activerecord.models.user,User,მომხმარებელი
2,ka.activerecord.models.story,Story,ამბავი
3,ka.activerecord.models.section,Section,სექცია
4,ka.activerecord.models.medium,Full-Screen Media Slideshow,მთელ ეკრანზე გაშლილი ფოტო/ვიდეო სლაიდშოუ
5,ka.activerecord.models.content,Text,ტექსტი
6,ka.activerecord.models.message,Message,შეტყობინება
7,ka.activerecord.models.slideshow,Image Slideshow,ფოტო სლაიდშოუ
8,ka.activerecord.models.embed_medium,Embeddable Online Media,ჩასასმელი ონლაინ აუდიო/ვიდეო
9,ka.activerecord.models.youtube,YouTube Video,YouTube Video
10,ka.activerecord.models.language,Language,ენა
11,ka.activerecord.models.category,Category,კატეგორია
12,ka.activerecord.models.page,Text for Pages,ტექსტი გვერდებისთვის
13,ka.activerecord.models.theme,Theme,Theme
14,ka.activerecord.models.story_type,Story Type,Story Type
15,ka.activerecord.models.author,Author,Author
16,ka.activerecord.attributes.user.email,Email Address,ელ. ფოსტა
17,ka.activerecord.attributes.user.password,Password,პაროლი
18,ka.activerecord.attributes.user.password_confirmation,Password Confirmation,გაიმეორეთ პაროლი
19,ka.activerecord.attributes.user.role,Role,როლი
20,ka.activerecord.attributes.user.remember_me,Remember Me,დამიმახსოვრე
21,ka.activerecord.attributes.user.default_story_locale,Default Language for Your Stories,თქვენი ამბის ავტომატური ენა
22,ka.activerecord.attributes.user.about,Summary of You,თქვენ შესახებ
23,ka.activerecord.attributes.user.local_avatar,Avatar,პროფილის სურათი
24,ka.activerecord.attributes.user.nickname,Nickname,მომხმარებლის სახელი
25,ka.activerecord.attributes.user.sign_in_count,Number of Times Logged In,Number of Times Logged In
26,ka.activerecord.attributes.user.created_at,Date Created,Date Created
27,ka.activerecord.attributes.user.current_sign_in_at,Date Last Logged In,Date Last Logged In
28,ka.activerecord.attributes.author.avatar,Avatar,პროფილის სურათი
29,ka.activerecord.attributes.author_translation.name,Name,Name
30,ka.activerecord.attributes.author_translation.about,About,About
31,ka.activerecord.attributes.author_translation.permalink,Permalink,Permalink
32,ka.activerecord.attributes.story.user_id,Story Author,Story Author
33,ka.activerecord.attributes.story.user_ids,Editors,ამბის რედაქტორები
34,ka.activerecord.attributes.story.publish_home_page,"Once published, make your story visible on the homepage?","გამოქვეყნების შემდეგ, გსურთ, თქვენი ამბავი გამოჩნდეს მთავარ გვერდზე?"
35,ka.activerecord.attributes.story.template_id,Template,შაბლონი
36,ka.activerecord.attributes.story.thumbnail,Thumbnail,ესკიზი
37,ka.activerecord.attributes.story.story_locale,Story Language,ამბის ენა
38,ka.activerecord.attributes.story.tag_list,Tags,თეგები
39,ka.activerecord.attributes.story.categories,Categories,კატეგორიები
40,ka.activerecord.attributes.story.story_type,Type,ტიპი
41,ka.activerecord.attributes.story.in_theme_slider,Show Story in Theme Slider,Show Story in Theme Slider
42,ka.activerecord.attributes.story_translation.title,Story Title,ამბის სათაური
43,ka.activerecord.attributes.story_translation.author,Author(s),ავტორ(ებ)ი
44,ka.activerecord.attributes.story_translation.media_author,Photo and Video Author(s),ფოტოსა და ვიდეოს ავტორ(ებ)ი
45,ka.activerecord.attributes.story_translation.translation_author,Translation Author(s),Translation Author(s)
46,ka.activerecord.attributes.story_translation.published,Publish?,გამოქვეყნება
47,ka.activerecord.attributes.story_translation.published_at,Was Published,გამოქვეყნებულია
48,ka.activerecord.attributes.story_translation.about,Story Summary,ამბის მოკლე შინაარსი
49,ka.activerecord.attributes.story_translation.permalink,Story URL,ამბის ბმული
50,ka.activerecord.attributes.story_translation.permalink_staging,Story URL,ამბის ბმული
51,ka.activerecord.attributes.section.has_marker,Navigation Shortcut,სექციის გამოყოფა
52,ka.activerecord.attributes.section.type_id,Type,ტიპი
53,ka.activerecord.attributes.section.sort_order,Sort Order,დალაგება
54,ka.activerecord.attributes.section_translation.title,Title,სათაური
55,ka.activerecord.attributes.section_translation.audio,Audio Track,აუდიო ფაილი
56,ka.activerecord.attributes.section_translation.delete_audio,Delete the Audio Track?,აუდიო ფაილის წაშლა?
57,ka.activerecord.attributes.content.title,Title,სათაური
58,ka.activerecord.attributes.content.caption,Heading,ტექსტის სათაური
59,ka.activerecord.attributes.content.sub_caption,Subheading,ტექსტის ქვესათაური
60,ka.activerecord.attributes.content.content,Text,ტექსტი
61,ka.activerecord.attributes.medium.media_type,Media Type,მედია ტიპი
62,ka.activerecord.attributes.medium.image,Image,სურათი
63,ka.activerecord.attributes.medium.video,Video,ვიდეო
64,ka.activerecord.attributes.medium.video_loop,Loop Video,ვიდეოს გამეორება
65,ka.activerecord.attributes.medium_translation.title,Title,სათაური
66,ka.activerecord.attributes.medium_translation.caption,Caption,წარწერა
67,ka.activerecord.attributes.medium_translation.caption_align,Caption Alignment,წარწერის მდებარეობა
68,ka.activerecord.attributes.medium_translation.infobox_type,Caption Position,Caption Position
69,ka.activerecord.attributes.medium_translation.summary,Summary,მოკლე შინაარსი
70,ka.activerecord.attributes.medium_translation.source,Source,წყარო
71,ka.activerecord.attributes.medium_translation.image,Image,სურათი
72,ka.activerecord.attributes.medium_translation.video,Video,ვიდეო
73,ka.activerecord.attributes.slideshow.title,Title,სათაური
74,ka.activerecord.attributes.slideshow.caption,Heading,ფოტოს წარწერა
75,ka.activerecord.attributes.embed_medium.title,Title,სათაური
76,ka.activerecord.attributes.embed_medium.url,Url to Online Media,ონლაინ აუდიოს/ვიდეოს ბმული
77,ka.activerecord.attributes.youtube.fullscreen,Fullscreen,Fullscreen
78,ka.activerecord.attributes.youtube.loop,Loop,Loop
79,ka.activerecord.attributes.youtube.info,Show Video Title Bar,Show Video Title Bar
80,ka.activerecord.attributes.youtube_translation.title,Title,Title
81,ka.activerecord.attributes.youtube_translation.url,Url to YouTube Video,Url to YouTube Video
82,ka.activerecord.attributes.youtube_translation.menu_lang,Player Language,Player Language
83,ka.activerecord.attributes.youtube_translation.cc,Show Caption/Subtitle,Show Caption/Subtitle
84,ka.activerecord.attributes.youtube_translation.cc_lang,Subtitle Language,Subtitle Language
85,ka.activerecord.attributes.language.locale,Locale,ენის აღმნიშვნელი
86,ka.activerecord.attributes.language.name,Language Name,ენა
87,ka.activerecord.attributes.category_translation.name,Name,სახელი
88,ka.activerecord.attributes.page.name,Unique name for content (do not change!),კონტენტის უნიკალური სახელი (არ შეცვალოთ!)
89,ka.activerecord.attributes.page_translation.title,Title to show above content,"სათაური, რომელიც გამოჩნდება კონტენტის ზემოთ"
90,ka.activerecord.attributes.page_translation.content,Content,კონტენტი
91,ka.activerecord.attributes.theme.is_published,Publish?,Publish?
92,ka.activerecord.attributes.theme.published_at,Date Published,Date Published
93,ka.activerecord.attributes.theme.show_home_page,Show this theme on the home page?,Show this theme on the home page?
94,ka.activerecord.attributes.theme_translation.name,Name,Name
95,ka.activerecord.attributes.theme_translation.edition,Edition,Edition
96,ka.activerecord.attributes.theme_translation.description,Description,Description
97,ka.activerecord.attributes.theme_translation.permalink,URL,URL
98,ka.activerecord.attributes.story_type.sort_order,Sort Order,Sort Order
99,ka.activerecord.attributes.story_type_translation.name,Name,Name
100,ka.activerecord.attributes.story_type_translation.permalink,URL,URL
101,ka.activerecord.errors.messages.required_field,is a required field.,სავალდებულო ველი
102,ka.activerecord.errors.messages.already_exists,already exists in the database.,უკვე არსებობს მონაცემთა ბაზაში
103,ka.activerecord.errors.messages.story_authors,must have at least one person selected.,must have at least one person selected.
104,ka.mailer.closing,"Sincerely,","პატივისცემით,"
105,ka.mailer.signature,The Chai Khana Team,“Chai Khanaს” გუნდი
106,ka.mailer.unsubscribe,Click here to change your notification settings,დააჭირეთ და შეცვალეთ შეტყობინებების პარამეტრები
107,ka.mailer.contact.contact_form.subject,Chai Khana Contact Form,“Chai Khanaს” საკონტაქტო ფორმა
108,ka.mailer.notification.new_user.subject,Welcome to Chai Khana!,კეთილი იყოს თქვენი მობრძანება “სთორიბილდერზე!”
109,ka.mailer.notification.new_user.message,"Thank you for becoming a member of Chai Khana. We look forward to exploring the stories you build!

When you have a chance, please visit your settings page so you can update your avatar, nickname, personal URL, and a summary about yourself: [settings_link].

You can manage when you would like to receive email notifications from Chai Khana by going to the notifications page: [notifications_link]. ","გმადლობთ, რომ გახდით “Chai Khanaს” წევრი. ჩვენ გვსურს, გავიგოთ უფრო მეტი თქვენი ამბების შესახებ!

როცა დრო გექნებათ, გთხოვთ, ეწვიოთ პარამეტრების გვერდს, რათა შეიყვანოთ ინფორმაცია თქვენ შესახებ, შეცვალოთ პროფილის სურათი, სახელი და პირადი ბმულიი: [settings_link].

თქვენ შეიგიძლიათ განსაზღვროთ, როდის გსურთ “Chai Khanaდან” შეტყობინებების მიღება, ამისათვის ეწვიეთ შეტყობინებების გვერდს: [notifications_link]."
110,ka.mailer.notification.published_story.subject,New stories have been published on Chai Khana!,“სთორიბილდერზე” გამოქვეყნდა ახალი ამბავი!
111,ka.mailer.notification.published_story.message,The following stories you have expressed interest in were recently published:,"ამბები, რომლითაც თქვენ დაინტერესდით, უკვე გამოქვეყნებულია:"
112,ka.mailer.notification.story_comment.subject,Someone has posted a comment on your story on Chai Khana!,ვიღაცამ დატოვა კომენტარი “სთორიბილდერზე” თქვენ მიერ გამოქვეყნებულ ამბავზე!
113,ka.mailer.notification.story_comment.message,The following stories have recently received a comment:,ამ ამბებზე ცოტა ხნის წინ დატოვეს კომენტარები:
114,ka.mailer.notification.story_comment.comment,1 Comment,1 კომენტარი
115,ka.mailer.notification.story_comment.comments,%{num} Comments,%{num} კომენტარი
116,ka.mailer.notification.story_collaboration.subject,You have been invited to collaborate on a story on Chai Khana!,"თქვენ მოწვეული ხართ, რათა მონაწილეობა მიიღოთ “სთორიბილდერზე” ამბის შექმნაში!"
117,ka.mailer.notification.story_collaboration.message,"You have received the following invitations to collaborate on stories with other people on Chai Khana. If you would like to accept the invitation, simply click the 'Accept the Invitation' link. If you want to decline this invitation, no action is needed on your part.","თქვენ მოწვეული ხართ, რათა მონაწილეობა მიიღოთ ამბის შექმნაში სხვა ადამიანებთან ერთად “სთორიბილდერზე”. თუ გსურთ, მიიღოთ მოწვევა, უბრალოდ დააჭირეთ ბმულს 'მოწვევის მიღება'. თუ არ გსურთ მონაწილეობა, უპასუხოდ დატოვეთ მოწვევა."
118,ka.mailer.notification.story_collaboration.from,From,ვისგან
119,ka.mailer.notification.story_collaboration.role,Role,Role
120,ka.mailer.notification.story_collaboration.story_title,Story Title,ამბის სათაური
121,ka.mailer.notification.story_collaboration.msg,Message,გზავნილი
122,ka.mailer.notification.story_collaboration.accept_link,Accept the Invitation,მოწვევის მიღება
123,ka.mailer.notification.story_collaboration.all_invitations,View all of your Chai Khana collaboration invitations.,იხილეთ ყველა მოწვევა “სთორბილიდერზე” ამბების თანაავტორობის შესახებ.
124,ka.mailer.notification.processed_videos.subject,Your videos on Chai Khana have been processed!,თქვენი ვიდეოები დამუშავებულია.
125,ka.mailer.notification.processed_videos.message,The following stories of yours have videos that have completed processing:,"ეს ამბები შეიცავს ვიდეო ფაილებს, რომელთა დამუშავებაც დასრულებულია."
126,ka.mailer.notification.processed_videos.story_title,Story:,ამბის სათაური:
127,ka.mailer.notification.processed_videos.status,Video Processing Status: %{processed} of %{total} completed,ვიდეოს დამუშავების სტატუსი: %{total}-დან %{processed} დამუშავებულია
128,ka.mailer.notification.processed_videos.processed,Videos Processed:,ვიდეო დამუშავებულია:
129,ka.mailer.notification.processed_videos.not_processed,Videos Still Processing:,ვიდეო დამუშავების პროცესშია:
130,ka.mailer.notification.processed_videos.none_processed,No vidoes have been processed.,არცერთი ვიდეო არ არის დამუშავებული
131,ka.mailer.notification.processed_videos.none_processing,All videos have been processed!,ყველა ვიდეო დამუშავებულია
132,ka.mailer.notification.processed_video_errors.subject,Videos on Chai Khana have processing errors!,“სთორიბილდერზე” ვიდეოების დამუშავებისას დაფიქსირდა ხარვეზი! 
133,ka.mailer.notification.processed_video_errors.message,The following videos had errors while being processed:,შემდეგი ვიდეოებისას დამუშავებისას დაფიქსირდა ხარვეზი:
134,ka.mailer.notification.processed_video_errors.story_id,Story ID,ამბის ID
135,ka.mailer.notification.processed_video_errors.asset_id,Asset ID,ფაილის ID
136,ka.mailer.notification.processed_video_errors.path,URL of Video,ვიდეოს ბმული
137,ka.helpers.actions,Actions,მოქმედება
138,ka.helpers.links.admin,Admin Section,ადმინისტრატორის განყოფილება
139,ka.helpers.links.edit,Edit,შეცვლა
140,ka.helpers.links.confirm,Are you sure?,დარწმუნებული ხართ?
141,ka.helpers.links.destroy,Delete,წაშლა
142,ka.helpers.links.new,New,ახალი
143,ka.helpers.links.list,View All,ყველას ნახვა
144,ka.helpers.links.back,View All,ყველას ნახვა
145,ka.helpers.links.cancel,Cancel,გაუქმება
146,ka.helpers.links.reset,Reset,საწყის კონფიგურაციაზე დაბრუნება
147,ka.helpers.links.view,View,ნახვა
148,ka.helpers.links.sign_in_facebook,Sign in with Facebook,Facebook-ით შესვლა
149,ka.helpers.links.edit_story,Edit Story Settings,ამბის პარამეტრების რედაქტირება
150,ka.helpers.links.delete_story,Delete Story,ამბის წაშლა
151,ka.helpers.links.admin_story,Edit Content,კონტენტის რედაქტირება
152,ka.helpers.links.publish_story,Publish Story,ამბის გამოქვეყნება
153,ka.helpers.links.forgot_password,Forgot Password?,დაგავიწყდათ პაროლი?
154,ka.helpers.links.change_password,Change Your Password,პაროლის შეცვლა
155,ka.helpers.links.change_password2,Change Password,პაროლის შეცვლა
156,ka.helpers.links.password_reset,Reset Password,პაროლის აღდგენა
157,ka.helpers.links.sign_in2,Sign In,შესვლა
158,ka.helpers.links.sign_in,Already have an account?,უკვე გაქვთ ანგარიში?
159,ka.helpers.links.sign_up2,Sign Up,რეგისტრაცია
160,ka.helpers.links.sign_up_question,Not a member yet?,არ გაქვთ ანგარიში?
161,ka.helpers.links.sign_up,Register now,დარეგისტრირდით
162,ka.helpers.links.sign_up_title,Join Chai Khana,შემოგვიერთდი “სთორიბილდერზე”
163,ka.helpers.links.sign_out,Sign Out,გასვლა
164,ka.helpers.links.sign_in_provider,Sign in with %{provider},შესვლა %{provider}-ით
165,ka.helpers.links.sign_up_provider,Sign up with %{provider},დარეგისტრირდით  %{provider}-ით
166,ka.helpers.links.sign_in_local_or_provider,or log in with your email and password,ან შეიყვანეთ თქვენი ელ. ფოსტა და პაროლი
167,ka.helpers.links.reset_or_sign_in,sign in with facebook or reset your password,შედით facebook-ით ან შეცვალეთ პაროლი
168,ka.helpers.links.add_story,Add Story,ამბის დამატება
169,ka.helpers.links.users,Users,მომხმარებლები
170,ka.helpers.links.authors,Authors,Authors
171,ka.helpers.links.feedback,Feedback,მოგვწერე
172,ka.helpers.links.about,About,შესახებ
173,ka.helpers.links.rss,RSS,RSS
174,ka.helpers.links.themes,Themes,Themes
175,ka.helpers.links.story_types,Types,Types
176,ka.helpers.links.languages,Languages,ენები
177,ka.helpers.links.follow,Follow,თვალყურის დევნება
178,ka.helpers.links.facebook,Facebook,Facebook
179,ka.helpers.links.twitter,Twitter,Twitter
180,ka.helpers.links.youtube,YouTube,YouTube
181,ka.helpers.links.subscribe,Subscribe,Subscribe
182,ka.helpers.links.user_settings,Settings,პარამეტრები
183,ka.helpers.links.like,Like,მოწონება
184,ka.helpers.links.likes,Likes,მოწონება
185,ka.helpers.links.comments,Comment on this story,კომენტარები ამ ამბავზე
186,ka.helpers.links.views,%{num} views,%{num} წაკითხვა
187,ka.helpers.links.tags,Tags,თეგი
188,ka.helpers.links.menu,Menu,მენიუ
189,ka.helpers.links.pages,Edit Text on Site,საიტზე ტექსტის რედაქტირება
190,ka.helpers.links.next,Next,Next
191,ka.helpers.links.story_menu.link.story,Story,Story
192,ka.helpers.links.story_menu.link.story_settings,Story Settings,Story Settings
193,ka.helpers.links.story_menu.link.collaborators,Collaborators,თანაავტორები
194,ka.helpers.links.story_menu.link.preview,Preview,ნახვა
195,ka.helpers.links.story_menu.link.publish,Publish,გამოქვეყნება
196,ka.helpers.links.story_menu.link.unpublish,Unpublish,გამოყვეყნების გაუქმება
197,ka.helpers.links.story_menu.link.review,Private URL,არასაჯარო ბმული
198,ka.helpers.links.story_menu.link.clone,Clone,კლონირება
199,ka.helpers.links.story_menu.link.export,Download,ჩამოტვირთვა
200,ka.helpers.links.story_menu.link.delete_story,Delete,წაშლა
201,ka.helpers.links.story_menu.link.translations,Translations,Translations
202,ka.helpers.links.story_menu.title.story,Edit your story,Edit your story
203,ka.helpers.links.story_menu.title.story_settings,"Edit story title, authors, URL, summary, thumbnail, language, tags and/or categories, content etc.","ამბის სათაურის, ავტორების, ბმულის, მოკლე შინაარსის, ესკიზის, ენის, თეგების და/ან კატეგორიების რედაქტირება"
204,ka.helpers.links.story_menu.title.collaborators,Manage which users have access to edit your story,"განსაზღვრეთ, რომელ მომხმარებელს შეუძლია თქვენი ამბის რედაქტირება"
205,ka.helpers.links.story_menu.title.preview,See how your story looks,"ნახეთ, როგორ გამოიყურება თქვენი ამბავი"
206,ka.helpers.links.story_menu.title.publish,Make your story viewable to the world,აჩვენეთ თქვენი ამბავი მსოფლიოს
207,ka.helpers.links.story_menu.title.unpublish,Make your story NOT viewable to the world,აღარ აჩვენოთ თქვენი ამბავი მსოფლიოს
208,ka.helpers.links.story_menu.title.review,URL to share this story before publishing,გაუზიარეთ ეს ამბავი სხვებს ამბის გამოქვეყნებამდე
209,ka.helpers.links.story_menu.title.clone,Copy this story into a new story,შექმენით ამ ამბის ასლი
210,ka.helpers.links.story_menu.title.export,Download the complete story,მთლიანი ამბის ჩამოტვირთვა
211,ka.helpers.links.story_menu.title.delete_story,Deleting a story cannot be undone,წაშალეთ ამბავი. ამბის აღდგენა არ იქნება შესაძლებელი
212,ka.helpers.links.story_menu.title.translations,Translate your story into other languages,Translate your story into other languages
213,ka.helpers.titles.new,New %{model},ახალი %{model}
214,ka.helpers.titles.edit,Edit %{model},შეცვლა %{model}
215,ka.helpers.titles.story_list,My Stories,ჩემი ამბები
216,ka.helpers.hints.nickname,"Your nickname is used in the URL to your published stories (e.g., nickname/story-title)","თქვენი სახელი გამოყენებულია თქვენ მიერ გამოქვეყნებული ამბების ბმულში (მაგ., სახელი/ამბის-სათაური)"
217,ka.helpers.hints.local_avatar,Image that is shown in the header bar and on your user page (png and jpg only).,"ფოტო, რომელიც გამოჩნდება თქვენი გვერდის ზედა სექციაში (მხოლოდ png და jpg)."
218,ka.helpers.hints.avatar,Image that is shown on the Author's page (png and jpg only).,Image that is shown on the Author's page (png and jpg only).
219,ka.helpers.hints.like,Like this story,მოიწონეთ ამბავი
220,ka.helpers.hints.unlike,Unlike this story,აღარ მომწონს ეს ამბავი
221,ka.helpers.hints.staff_pick,Select as Staff Pick,რჩეულებში დამატება
222,ka.helpers.hints.staff_unpick,Unselect as Staff Pick,რჩეულებიდან ამოშლა
223,ka.helpers.hints.is_staff_pick,Staff Pick,რჩეული
224,ka.helpers.hints.clone_asset,"If checked, the file to the left will be used for this translation","If checked, the file to the left will be used for this translation"
225,ka.app.language.en,English,English
226,ka.app.language.ka,ქართული,ქართული
227,ka.app.language.hy,Հայերեն,Հայերեն
228,ka.app.language.ru,Русский,Русский
229,ka.app.language.az,Azərbaycan,Azərbaycan
230,ka.app.buttons.back,View All,იხილეთ ყველა
231,ka.app.buttons.list,View All,იხილეთ ყველა
232,ka.app.buttons.admin,Admin Section,ადმინისტრატორის განყოფილება
233,ka.app.buttons.delete,Delete,წაშლა
234,ka.app.buttons.edit,Edit,შეცვლა
235,ka.app.buttons.show,Show,ჩვენება
236,ka.app.buttons.cancel,Cancel,გაუქმება
237,ka.app.buttons.update,Update,განახლება
238,ka.app.buttons.save,Save,შენახვა
239,ka.app.buttons.save_and_next,Save & Next,Save & Next
240,ka.app.buttons.create,Create,შექმნა
241,ka.app.buttons.reset,Reset,საწყის კონფიგურაციაზე დაბრუნება
242,ka.app.buttons.remove,Remove,ამოშლა
243,ka.app.buttons.confirm,Are you sure?,დარწმუნებული ხართ?
244,ka.app.buttons.new,New,ახალი
245,ka.app.buttons.add_section,Add Section,ახალი სექცია
246,ka.app.buttons.add_item,Add Item into Section,განყოფილებაში პუნქტის დამატება
247,ka.app.buttons.up,Move Selected Section/Item Up,არჩეული განყოფილების/პუნქტის ზემოთ ატანა
248,ka.app.buttons.down,Move Selected Section/Item Down,არჩეული განყოფილების/პუნქტის ქვემოთ ჩამოტანა
249,ka.app.buttons.delete_item,Delete Selected Section/Item,არჩეული განყოფილების/პუნქტის წაშლა
250,ka.app.buttons.preview,Preview,ნახვა
251,ka.app.buttons.preview_image,Preview Image,სურათის ნახვა
252,ka.app.buttons.preview_video,Preview Video,ვიდეოს ნახვა
253,ka.app.buttons.preview_audio,Listen To Audio,აუდიოს მოსმენა
254,ka.app.buttons.publish,Publish,გამოქვეყნება
255,ka.app.buttons.unpublish,Unpublish,გამოყვეყნების გაუქმება
256,ka.app.buttons.clone,Copy this story into a new story,კლონირება
257,ka.app.buttons.export,Download the complete story,მთლიანი ამბის ჩამოტვირთვა
258,ka.app.buttons.scroll,Scroll,დასქროლე
259,ka.app.buttons.reviewer_key,Get URL to share this story before publishing,"მიიღეთ URL, რათა გააზიაროთ ამბავი მის გამოქვეყნებამდე"
260,ka.app.buttons.reviewer_key_published,Your story is published so there is no need to share this non-published URL,"თქვენი ამბავი გამოქვეყნებულია, აღარაა საჭირო ამ ბმულის გამოყენება"
261,ka.app.buttons.explore,Explore,დაათვალიერე
262,ka.app.common.app_name_not_trans,Chai Khana,Chai Khana
263,ka.app.common.app_name,Chai Khana,“Chai Khana”
264,ka.app.common.app_intro,Chai Khana is an NGO that provides cross-border journalistic trainings and online publishing for issue-based multi-media coverage in the South Caucasus region.,Chai Khana is an NGO that provides cross-border journalistic trainings and online publishing for issue-based multi-media coverage in the South Caucasus region.
265,ka.app.common.app_intro_meta,Chai Khana is an NGO that provides cross-border journalistic trainings and online publishing for issue-based multi-media coverage in the South Caucasus region.,Chai Khana is an NGO that provides cross-border journalistic trainings and online publishing for issue-based multi-media coverage in the South Caucasus region.
266,ka.app.common.powered_by,Powered by,შექმნილია
267,ka.app.common.powered_by_js,Jumpstart Georgia,“ჯამპსტარტ ჯორჯიას”
268,ka.app.common.powered_by_end,"", მიერ
269,ka.app.common.embed_slogan,Build your story with Chai Khana,შექმენი შენი ამბავი “Chai Khanaთ”
270,ka.app.common.added_on,Added on: %{date},დამატებულია: %{date}
271,ka.app.common.last_sign_in,Logged in last: %{date},Logged in last: %{date}
272,ka.app.common.admin,Admin,ადმინისტრატორი
273,ka.app.common.sign_out,Sign Out,გასვლა
274,ka.app.common.jumpstart,JumpStart Georgia,ჯამპსტარტ ჯორჯია
275,ka.app.common.js_link_title,JumpStart Georgia - We communicate data better!,ჯამპსტარტ ჯორჯია - ჩვენ გაწვდით მონაცემებს უკეთ!
276,ka.app.common.js_link_text,Built by,აგებულია
277,ka.app.common.search,Search for Story ...,ამბის მოძებნა
278,ka.app.common.build,Build Story,ამბის შექმნა
279,ka.app.common.explore,Explore Stories,ამბების დათვალიერება
280,ka.app.common.about_story,About,შესახებ
281,ka.app.common.likes,Likes,მოწონება
282,ka.app.common.comments,Comments,კომენტარები
283,ka.app.common.publish_date,Publish Date,გამოქვეყნების თარიღი
284,ka.app.common.follow,Follow,თვალყურის დევნება
285,ka.app.common.following,Following,თვალყურის დევნება
286,ka.app.common.follow_link_title,Click to receive notifications whenever this user publishes new stories,"დააჭირეთ, რათა მიიღოთ შეტყობინება, როდესაც ეს მომხმარებელი გამოაქვეყნებს ახალ ამბავს"
287,ka.app.common.unfollow_link_title,Click to stop receiving notifications whenever this user publishes new stories,"დააჭირეთ, რათა შეწყვიტოთ შეტყობინების მიღება, როდესაც ეს მომხმარებელი გამოაქვეყნებს ახალ ამბავს"
288,ka.app.common.email,Email,ელ. ფოსტა
289,ka.app.common.views,Views,ნახვა
290,ka.app.common.permalink,Permalink,მუდმივი ბმული
291,ka.app.common.shortened_url,Short URL,მოკლე ბმული
292,ka.app.common.share_story,Share this story,ამბის გაზიარება
293,ka.app.common.share_facebook,Share on Facebook,Facebook-ზე გაზიარება
294,ka.app.common.share_twitter,Share on Twitter,Twitter-ზე გაზიარება
295,ka.app.common.share,Share,გაზიარება
296,ka.app.common.staff_pick,Staff Pick,რჩეული
297,ka.app.common.wide,wide,(სიგანე)
298,ka.app.common.partial,Link to Story,ამბის ბმული
299,ka.app.common.partial_text,"Embed a link to the story that has the same look as the story links on the home page of Chai Khana (image, title, author, etc)","გამოიყენე ისეთი ჩასასმელი ბმული, რომელსაც აქვს იგივე სახე, რაც ამბებს “Chai Khanaს” საწყის გვერდზე (ფოტო, სათაური, ავტორი, თარიღი, და ა.შ.)"
300,ka.app.common.full,Full Story,სრული ამბავი
301,ka.app.common.full_text,Embed the complete story on another website. We suggest you make the width as large as possible to produce the best look.,"გადაიტანე ამბის სრული ვერსია სხვა საიტზე. ჩვენ გირჩევთ, გამოიყენოთ მაქსიმალური სიგანე, რათა მიიღოთ უკეთესი გამოსახულება."
302,ka.app.common.feed,Chai Khana Feed Channel,“Chai Khanaს” Feed Channel
303,ka.app.common.home,Home,მთავარი
304,ka.app.common.required,Required,სავალდებულო
305,ka.app.common.nothing_selected,Nothing Selected,არ არის არჩეული
306,ka.app.common.clone_asset,Use the original file?,Use the original file?
307,ka.app.msgs.does_not_exist,You tried to access a page that does not exist.,"თქვენ ცდილობთ ისეთი გვერდის ნახვას, რომელიც არ არსებობს."
308,ka.app.msgs.not_authorized,You are not authorized to view that page.,თქვენ არ გაქვთ ამ გვერდის ნახვის უფლება.
309,ka.app.msgs.success_created,%{obj} was successfully created.,%{obj} შექმნილია.
310,ka.app.msgs.success_updated,%{obj} was successfully updated.,%{obj} განახლებულია.
311,ka.app.msgs.success_publish,%{obj} was successfully published.,%{obj} გამოქვეყნებულია.
312,ka.app.msgs.success_unpublish,%{obj} was successfully unpublished.,%{obj}ის გამოქვეყნება გაუქმებულია.
313,ka.app.msgs.success_clone,%{obj} was successfully cloned to %{to}.,%{obj}-ის კლონი შექმნილია: %{to}.
314,ka.app.msgs.error_created,%{obj} wasn't created: %{err},%{obj} არ შექმნილა: %{err}
315,ka.app.msgs.error_updated,%{obj} wasn't updated: %{err},%{obj} არ განახლებულა: %{err}
316,ka.app.msgs.error_publish,%{obj} wasn't published: %{err},%{obj} არ გამოქვეყნებულა: %{err}
317,ka.app.msgs.error_publish_missing_fields,%{obj} can't be published until you provide a summary and thumbnail image.,"%{obj} ვერ  გამოქვეყნებული, სანამ არ დაამატებთ მოკლე შინაარსს და ფოტოს."
318,ka.app.msgs.error_publish_missing_fields_link,Add the missing content.,დაამატეთ გამოტოვებული კონტენტი.
319,ka.app.msgs.error_publish_missing_content_section,At least one section required.,ამბის გამოქვეყნებისთვის აუცილებელია სულ მცირე ერთი სექცია.
320,ka.app.msgs.error_unpublish,%{obj} wasn't unpublished: %{err},%{obj} გამოქვეყნება გაუქმებულია: %{err}
321,ka.app.msgs.error_clone,%{obj} wasn't cloned.,%{obj} კლონირება ვერ გაკეთდა.
322,ka.app.msgs.error_clone_notification,Error occurred while cloning story: %{msg},Error occurred while cloning story: %{msg}
323,ka.app.msgs.error_export,Story can't be downloaded.,ამბის ჩამოტვირთვა შეუძლებელია
324,ka.app.msgs.error_get_data,The selected item could not be found,არჩეული ერთეული ვერ მოიძებნა
325,ka.app.msgs.select_section,Please select a Section first in order to add an Item,"ერთეულის დამატებამდე, გთხოვთ, აირჩიოთ სექცია"
326,ka.app.msgs.staff_pick,The story has been selected as a Staff Pick,ამბავი რჩეულში იქნა დამატებული
327,ka.app.msgs.staff_unpick,The story has been unselected as a Staff Pick,ამბავი დაემატა რჩეულებს
328,ka.app.msgs.success_settings,Your settings were successfully updated.,თქვენი პარამეტრები წარმატებით განახლდა.
329,ka.app.msgs.success_remove_avatar,Your Facebook avatar is now being used.,პროფილის სურათად თქვენი გვერდის Facebook-ის პროფილის სურათია გამოყენებული.
330,ka.app.msgs.nickname_duplicate,This user URL already exists.,მომხმარებელი ამ ბმულით უკვე არსებობს.
331,ka.app.msgs.nickname_url,Your URL will be:,თქვენი მომხმარებლის ბმული იქნება:
332,ka.app.msgs.story_duplicate,This story URL already exists.,ამ ამბის ბმული უკვე არსებობს.
333,ka.app.msgs.story_url,Story URL will be:,ამ ამბის ბმული იქნება:
334,ka.app.msgs.invitation.accepted,You have accepted the invitation to collaborate on '%{title}',თქვენ დათანხმდით თანაავტორობის მოწვევას შემდეგ ამბავზე: '%{title}'
335,ka.app.msgs.invitation.accepted_already,You have already accepted the invitation to collaborate on '%{title}',თქვენ უკვე დათანხმდით თანაავტორობის მოწვევას შემდეგ ამბავზე: '%{title}'
336,ka.app.msgs.invitation.bad,"Sorry, your invitation could not be found or the story has been deleted.","უკაცრავად, თქვენი მოწვევა ვერ მოიძებნა ან ამბავი არის წაშლილი."
337,ka.app.msgs.invitation.declined,Your invitation was declined,თქვენი მოწვევა გაუქმებულია
338,ka.app.msgs.one_section.content,Only one Item can be added to a Text section,ტექსტურ სექციაში მხოლოდ ერთი ერთეულის დამატებაა შესაძლებელი
339,ka.app.msgs.one_section.slideshow,Only one Item can be added to an Image Slideshow section,ფოტო სლაიდშოუს სექციაში მხოლოდ ერთი ერთეულის დამატებაა შესაძლებელი
340,ka.app.msgs.one_section.embed_media,Only one Item can be added to an Embed Online Media section,ონლაინ აუდიო/ვიდეო სექციაში მხოლოდ ერთი ერთეულის დამატებაა შესაძლებელი
341,ka.app.msgs.one_section.youtube,Only one Item can be added to a YouTube section,Only one Item can be added to a YouTube section
342,ka.app.msgs.one_section.general,Only one Item can be added to this type of section,Only one Item can be added to this type of section
343,ka.app.msgs.destroy_story.success,Story was successfully deleted.,ამბავი წაიშალა.
344,ka.app.msgs.destroy_story.error,Error occurred while deleting the story: %{err},ამბის წაშლისას დაფიქსირდა ხარვეზი: %{err}
345,ka.app.msgs.destroy_item.success,Item was successfully deleted.,ერთეული წაიშალა.
346,ka.app.msgs.destroy_item.error,Error occurred while deleting the item: %{err},ერთეულის წაშლისას დაფიქსირდა ხარვეზი: %{err}
347,ka.app.msgs.destroy_item.error_not_found,Item could not be found to delete.,წასაშლელი ერთეული ვერ მოიძებნა.
348,ka.app.msgs.embed_code,Copy and paste this embed code into your web page,დააკოპირეთ და ჩასვით ბმული თქვენს ვებგვერდზე
349,ka.app.msgs.collaborators.success_remove,%{name} was removed as a collaborator,%{name} წაიშალა თანაავტორთა სიიდან
350,ka.app.msgs.collaborators.user_not_found,User to remove as a collaborator could not be found,"მომხმარებელი ვერ მოიძებნა, რათა წაშლილიყო თანაავტორთა სიიდან"
351,ka.app.msgs.collaborators.no_permission,You do not have permission to remove this collaborator,"თქვენ არ გაქვთ უფლება, წაშალოთ ეს მომხმარებელი თანაავტორთა სიიდან"
352,ka.app.msgs.collaborators.success_invitations,Invitations were sent!,მოწვევები გაგზავნილია!
353,ka.app.msgs.collaborators.error_invitations_all,No invitations were sent due to the following erros: %{msg},მოწვევები ვერ გაიგზავნა შემდეგი ხარვეზის გამო: %{msg}
354,ka.app.msgs.collaborators.error_invitations_some,"Some invitations were sent, but some were not due to the following erros: %{msg}",ზოგიერთი მოწვევა ვერ გაიგზავნა შემდეგი ხარვეზის გამო: %{msg}
355,ka.app.msgs.notification.true,You will be sent notifications.,თქვენ მიიღებთ შეტყობინებებს.
356,ka.app.msgs.notification.false,You will not be sent notifications.,თქვენ არ მიიღებთ შეტყობინებებს.
357,ka.app.msgs.notification.new_story_all_success,You will recieve a notification whenever a story is added.,"თქვენ მიიღებთ შეტყობინებას, როდესაც ახალი ამბავი იქნება დამატებული."
358,ka.app.msgs.notification.new_story_none_success,You will not receive any notifications when stories are added.,"თქვენ არ მიიღებთ შეტყობინებას, როდესაც ახალი ამბავი იქნება დამატებული."
359,ka.app.msgs.notification.new_story_by_category_success,You will receive a notification when a story is added to these categories: %{categories}.,"თქვენ მიიღებთ შეტყობინებას, როდესაც ახალი ამბავი დაემატება კატეგორიას: %{categories}."
360,ka.app.msgs.notification.story_comments_yes,You will be sent notifications when a comment is made to one of your stories.,"თქვენ მიიღებთ შეტყობინებას, როდესაც თქვენს ამბავზე გააკეთებენ კომენტარს."
361,ka.app.msgs.notification.story_comments_no,You will not be sent notifications when a comment is made to one of your stories.,"თქვენ არ მიიღებთ შეტყობინებას, როდესაც თქვენს ამბავზე დატოვებენ კომენტარს."
362,ka.app.msgs.notification.following_no,You will no longer receive notifications about new stories from '%{nickname}'.,თქვენ აღარ მიიღებთ შეტყობინებებს  '%{nickname}ის' ახალი ისტორიების შესახებ.
363,ka.app.msgs.notification.language,You will be sent notifications in %{language}.,თქვენ მიიღებთ შეტყობინებას %{language}.
364,ka.app.msgs.fail_change_order,The item was not able to be moved,ერთეულის ადგილი ვერ შეიცვალა
365,ka.app.msgs.nothing_selected,Please select a section/item to delete,"გთხოვთ, აირჩიოთ სექცია/ერთეული წასაშლელად"
366,ka.app.msgs.fail_delete,The section/item could not be deleted,სექცია/ერთეული ვერ წაიშალა
367,ka.app.msgs.confirm_delete,Are you sure you want to delete this section/item?,"დარწმუნებული ხართ, რომ გინდათ ამ სექციის/ერთეულის წაშლა?"
368,ka.app.msgs.video_processed,Your video is processed,თქვენი ვიდეო დამუშავებულია
369,ka.app.msgs.video_not_processed,Your video is being processed,თქვენი ვიდეო დამუშავების პროცესშია
370,ka.app.msgs.not_found_for_update,The record to update could not be found in the database.,The record to update could not be found in the database.
371,ka.section_types.content.name,Text,ტექსტი
372,ka.section_types.content.description,"Can include html, css styling and images","შეიძლება შედგებოდეს html-ისგან, css სტილისგან და ფოტოებისგან"
373,ka.section_types.media.name,Full-Screen Media Slideshow,მთელ ეკრანზე გაშლილი მედია სლაიდშოუ
374,ka.section_types.media.description,Images and/or videos as a full-screen vertical slideshow,"ფოტოები და/ან ვიდეოები განთავსებული, როგორც სრულ ეკრანზე გაშლილი ვერტიკალური სლაიდშოუ"
375,ka.section_types.slideshow.name,Image Slideshow,ფოტო სლაიდშოუ
376,ka.section_types.slideshow.description,Images in a horizontal slideshow,ფოტოები ჰორიზონტალურ სლაიდშოუში
377,ka.section_types.embed_media.name,Embed Online Media,ონლაინ აუდიო/ვიდეო
378,ka.section_types.embed_media.description,"YouTube, Vimeo, etc","YouTube, Vimeo, და ა.შ."
379,ka.section_types.youtube.name,YouTube Video,YouTube Video
380,ka.section_types.youtube.description,YouTube video with ability to setting caption language,YouTube video with ability to setting caption language
381,ka.story_role.editor,Editor,Editor
382,ka.story_role.translator,Translator,Translator
383,ka.message_types.bug,Report a Bug,გვაცნობეთ შეცდომის შესახებ
384,ka.message_types.feature,Request a Feature,მოითხოვეთ ახალი ფუნქციის დამატება
385,ka.message_types.feedback,General Feedback,გაგვიზიარეთ თქვენი აზრი
386,ka.filters.all,All,ყველა
387,ka.filters.matches,Matches,მსგავსი ამბები
388,ka.filters.staff_pick,Staff Pick,რჩეული
389,ka.filters.staff_pick_title,View stories that have been selected as Staff Picks,იხილეთ რჩეული ამბები
390,ka.filters.staff_pick_title_active,Remove Staff Pick filter,რჩეულის ფილტრის გაუქმება
391,ka.filters.sort_header,Sorted By,დალაგება
392,ka.filters.sort_title,Indicate how the stories should be sorted,როგორ გსურთ ამბების დალაგება?
393,ka.filters.filters,Filters,ფილტრი
394,ka.filters.all_stories,All Stories,All Stories
395,ka.filters.sort.recent,Recent,ბოლო
396,ka.filters.sort.reads,Views,ნახვა
397,ka.filters.sort.likes,Likes,მოწონება
398,ka.filters.category_header,Category,კატეგორია
399,ka.filters.category_title,View stories that belong to a category,იხილეთ ამბები კატეგორიიდან
400,ka.filters.theme_header,Theme,Theme
401,ka.filters.theme_title,View stories that belong to a theme,View stories that belong to a theme
402,ka.filters.language_header,Language,ენა
403,ka.filters.language_title,View stories that are written in a particular language,იხილეთ ამბები ამ ენაზე:
404,ka.filters.search,Find a Story,ამბის მოძებნა
405,ka.filters.following,Following,თვალყურის დევნება
406,ka.filters.following_title,View stories of users that you are following,"ნახეთ იმ მომხმარებლების ამბები, რომელთაც თქვენ თვალყურს ადევნებთ"
407,ka.filters.following_title_active,Remove Following filter,თვალყურის დევნების ფილტრის გაუქმება
408,ka.filters.not_published,Not Published,არ არის გამოქვეყნებული
409,ka.filters.not_published_title,View stories that are not published,ნახეთ გამოუქვეყნებელი ამბები
410,ka.filters.not_published_title_active,Show all stories,ნახეთ ყველა ამბავი
411,ka.tokeninput.searchingText,Searching...,ძიება...
412,ka.tokeninput.tag.hintText,Search for an existing tag or enter a new tag,თეგის ძიება ან ახალი თეგის დამატება
413,ka.tokeninput.tag.noResultsText,No matches found. Press 'Enter' to save this new tag.,"მსგავსება არ არის აღმოჩენილი. დააჭირეთ 'შეყვანას', რომ დაამატოთ თეგი."
414,ka.tokeninput.collaborator.hintText,Search for an existing user or enter the email address for a new user,"მოძებნეთ უკვე არსებული მომხმარებელი ან შეიყვანეთ ელ. ფოსტის მისამართი, რათა დაამატოთ ახალი მომხმარებელი"
415,ka.tokeninput.collaborator.noResultsText,No matches found. Press 'Enter' to add this email address to the list of invited collaborators.,"მსგავსება არ მოიძებნა. დააჭირეთ 'შეყვანას', რომ დაამატოთ ეს ელ. ფოსტის მისამართი თანაავტორთა სიაში."
416,ka.layouts.unsupported_browser.title,Unsupported Browser,არასათანადო ბრაუზერი
417,ka.layouts.unsupported_browser.video,Your browser does not support this video.,თქვენ ბრაუზერს ვიდეოს მხარდაჭერა არ აქვს
418,ka.layouts.unsupported_browser.p1,We are sorry to report that your browser is out of date and will not properly render the content from this website.,"სამწუხაროდ, თქვენი ინტერნეტ ბრაუზერის მოხმარების ვადა გასულია და ვერ მოხდება ვებ-გვერდთან სრულად დაკავშირება."
419,ka.layouts.unsupported_browser.p2,"On the bright side, there are several free browsers that you can download that are compatible with this site.","არსებობს რამდენიმე უფასო ბრაუზერი, რომელთა გადმოწერის შემდეგ შეძლებთ ვებ-გვერდით სარგებლობას."
420,ka.layouts.unsupported_browser.chrome,Chrome,Chrome
421,ka.layouts.unsupported_browser.firefox,Firefox,Firefox
422,ka.layouts.unsupported_browser.ie,Internet Explorer (Windows only),Internet Explorer (მხოლოდ Windows-ზე)
423,ka.layouts.unsupported_browser.opera,Opera,Opera
424,ka.layouts.unsupported_browser.Safari,Safari,Safari
425,ka.layouts.unsupported_browser.admin,Admin,ადმინისტრატორი
426,ka.layouts.unsupported_browser.sign_out,Sign Out,გასვლა
427,ka.layouts.unsupported_browser.js_link_title,JumpStart Georgia - We communicate data better!,ჯამპსტარტ ჯორჯია - ჩვენ გაწვდით ინფორმაციას უკეთ!
428,ka.layouts.unsupported_browser.js_link_text,Built by,შექმნილია
429,ka.layouts.reviewer.copy,Copy To Clipboard...,კოპირება
430,ka.layouts.reviewer.copied,Copied!,დაკოპირებულია!
431,ka.shared.grid.no_stories,Oh no - no stories could be found!,სამწუხაროდ არ მოიძებნა არცერთი ამბავი!
432,ka.admin.index.title,Administration Section,ადმინისტრატორის განყოფილება
433,ka.admin.index.users,Users,მომხმარებლები
434,ka.admin.users.edit.title,Editing User,ცვლილებების შეტანა მომხმარებლის გვერდზე
435,ka.admin.users.index.title,Users,მომხმარებლები
436,ka.admin.users.new.title,New User,ახალი მომხმარებელი
437,ka.admin.users.show.title,User Details,მომხმარებლის დეტალები
438,ka.root.index,,
439,ka.root.about.title,About Chai Khana,“Chai Khanaს” შესახებ
440,ka.root.embed.home_link,Built on Chai Khana,შექმნილია “სთორიბილდერზე”
441,ka.stories.index,,
442,ka.stories.new.title,Story Settings Form,პარამეტრების ფორმა
443,ka.stories.edit.title,Story Settings Form,პარამეტრების ფორმა
444,ka.stories.form.placeholder.title,Title of Story,ამბის სათაური
445,ka.stories.form.placeholder.permalink,URL to the story,ამბის ბმული
446,ka.stories.form.placeholder.author,Author(s) of the article,სტატიის ავტორ(ებ)ი
447,ka.stories.form.placeholder.media_author,Author(s) of photos and/or videos,ფოტოსა და/ან ვიდეოს ავტორ(ებ)ი
448,ka.stories.form.placeholder.translation_author,Author(s) that translated the story into this language,Author(s) that translated the story into this language
449,ka.stories.form.hint.title,Story title will appear at the top of your story,ამბის სათაური გამოჩნდება ამბის საწყის გვერდზე
450,ka.stories.form.hint.permalink,"The default URL is the title of the story, but you can change it if desired","ავტომატური ბმული შეიცავს ამბის სათაურს, თუმცა, სურვილისამებრ, შეგიძლიათ შეცვალოთ იგი"
451,ka.stories.form.hint.author,Select the author(s) of the story to allow the story to appear on their webpage.,Select the author(s) of the story to allow the story to appear on their webpage.
452,ka.stories.form.hint.media_author,Author names will appear below the Story Author names,ფოტოს/ვიდეოს ავტორ(ებ)ის სახელები გამოჩნდება ავტორ(ებ)ის სახელების ქვემოთ
453,ka.stories.form.hint.translation_author,Author names will appear below the Photo and Video Author names,Author names will appear below the Photo and Video Author names
454,ka.stories.form.hint.published,Published stories are available for the world to view,გამოქვეყნებული ამბების ნახვა ყველას შეუძლია
455,ka.stories.form.hint.publish_home_page,"If checked, your published story will appear on the site's homepage","თუ მონიშნავთ, თქვენ მიერ გამოქვეყნებული ამბავი გამოჩნდება საიტის საწყის გვერდზე"
456,ka.stories.form.hint.template,Choose template to apply styling to story,აირჩიეთ შაბლონი ამბის სტილის შესარჩევად
457,ka.stories.form.hint.thumbnail,Image that is used to show the story on the home page when the story is published (jpg and png only; 4MB file size limit),"გამოსახულება, რომელიც გამოჩნდება საწყის გვერდზე, ამბის გამოქვეყნების შემდეგ (მხოლოდ jpg და png ფორმატი; ფაილის მაქსიმალური ზომა 4MB)"
458,ka.stories.form.hint.editor,Person that created the story record in this website,"მომხმარებელი, რომელმაც შექმნა ამბის ჩანაწერი სისტემაში"
459,ka.stories.form.hint.editors,Select people that you want to give access to edit the story,"მონიშნეთ ადამიანები, რომლებსაც შეეძლებათ გამოქვეყნებამდე ამბის რედაქტირება"
460,ka.stories.form.hint.about,Short summary of story that will be used on the home page and when you story is shared,"ამბის მოკლე შინაარსი, რომელიც გამოჩნდება საწყის გვერდზე, როდესაც თქვენი ამბავი გამოქვეყნდება"
461,ka.stories.form.hint.locale,Select the language of your story. Allows users to filter stories by a language.,"მიუთითეთ ამბის ენა. ეს საშუალებას მისცემს მომხმარებლებს, მოიძიონ ამბავი ენის მიხედვით."
462,ka.stories.form.hint.categories,Select the category(s) your story belongs to.  Allows users to filter stories by a category.,"აირჩიეთ, რომელ კატეგორიას განეკუთვნება თქვენი ამბავი. ეს საშუალებას მისცემს მომხმარებლებს, მოიძიონ ამბავი კატეგორიის მიხედვით."
463,ka.stories.form.hint.tag_list,"Enter text to find existing tags.  If your tag does not exist yet, press 'Enter' to add the new tag to the list.","შეიყვანეთ ტექსტი, რომ იპოვოთ არსებული თეგი. თუ თქვენი თეგი ჯერ არ არსებობს, დააჭირეთ 'შეყვანას' და დაამატეთ იგი."
464,ka.stories.form.hint.story_type,Select the type of your story.,Select the type of your story.
465,ka.stories.form.hint.theme,Select the theme(s) your story belongs to.,Select the theme(s) your story belongs to.
466,ka.stories.form.hint.in_theme_slider,"If checked, this story will appear in the slider at the top of the theme page.","If checked, this story will appear in the slider at the top of the theme page."
467,ka.stories.collaborators.title,Collaborators for '%{title}',ამბის '%{title}' თანაავტორები
468,ka.stories.collaborators.owner_header,Story Author,Story Author
469,ka.stories.collaborators.collaborators_header,Story Collaborators,ამბის თანაავტორები
470,ka.stories.collaborators.explanation,A story collaborator is someone that has access to edit this story.,თანაავტორებს შეუძლიათ ამბის რედაქტირება
471,ka.stories.collaborators.editors_header,Editors,Editors
472,ka.stories.collaborators.editor_explanation,An Editor has access to add/edit the story and translate the story into any language. An Editor can also add collaborators and publish the story.,An Editor has access to add/edit the story and translate the story into any language. An Editor can also add collaborators and publish the story.
473,ka.stories.collaborators.translators_header,Translators,Translators
474,ka.stories.collaborators.translator_explanation,"A Translator has access to translate the story into a specific language(s). A Translator does not have the ability to edit the original story, add collaborators or publish the story.","A Translator has access to translate the story into a specific language(s). A Translator does not have the ability to edit the original story, add collaborators or publish the story."
475,ka.stories.collaborators.remove_title,Remove %{name},%{name}-ის ამოშლა
476,ka.stories.collaborators.not_accepted_title,%{name} has not accepted the invitation yet,%{name}-ს ჯერ არ უპასუხია მოწვევაზე
477,ka.stories.collaborators.add_header,Add Collaborators,თანაავტორების დამატება
478,ka.stories.collaborators.add_explanation,"For the users you enter below, an email will be sent inviting them to be a collaborator on this story.","თქვენ მიერ მითითებულ მომხმარებლებს გაეგზავნებათ მოსაწვევები, რათა მონაწილეობა მიიღონ თქვენთან ერთდ ამ ამბის შექმნაში."
479,ka.stories.collaborators.editor_label,Enter the names or email addresses of the editors,Enter the names or email addresses of the editors
480,ka.stories.collaborators.language_label,Select the translation language(s),Select the translation language(s)
481,ka.stories.collaborators.translator_label,Enter the name or email address of the translator,Enter the name or email address of the translator
482,ka.stories.collaborators.translator_add,Add Another Translator,Add Another Translator
483,ka.stories.collaborators.translator_remove,Remove Translator,Remove Translator
484,ka.stories.collaborators.message,Add Message to Notification (optional),შეტყობინებისთვის გზავნილის დამატება (არ არის სავალდებულო)
485,ka.stories.collaborators.submit,Send Collaboration Invitation,თანაავტორობის მოსაწვევის გაგზავნა
486,ka.stories.media.form_title,Full-Screen Media Slideshow Form,მთელ ეკრანზე გაშლილი მედია სლაიდშოუ
487,ka.stories.media.left,Left,მარცხნივ
488,ka.stories.media.center,Center,ცენტრში
489,ka.stories.media.right,Right,მარჯვნივ
490,ka.stories.media.image,Image,გამოსახულება
491,ka.stories.media.video,Video,ვიდეო
492,ka.stories.media.floating,Floating,Floating
493,ka.stories.media.fixed,Fixed,Fixed
494,ka.stories.media.placeholder.title,Media title,მედიაფაილის სათაური
495,ka.stories.media.placeholder.caption,Caption text,წარწერა
496,ka.stories.media.placeholder.source,Source of the image/video,ფოტოს/ვიდეოს წყარო
497,ka.stories.media.hint.title,"This text only appears in the left sidebar, it will not show up in the story","ეს ტექსტი გამოჩნდება მხოლოდ მარცხენა პანელში, და არა თვითონ ამბავში"
498,ka.stories.media.hint.media_type,"For videos, an image is necessary because videos are not loaded on mobile devices.","ვიდეოსთვის ფოტო აუცილებელია, რადგან ვიდეო არ იტვირთება მობილურ ტელეფონებზე"
499,ka.stories.media.hint.caption,"Caption text will appear on top of the image/video. If this is the first item in the story, the caption text is hidden.","წარწერა გამოჩნდება გამოსახულებაზე/ვიდეოზე. თუ ეს ფოტო/ვიდეო ამბის პირველი სექციაა, წარწერა არ გამოჩნდება."
500,ka.stories.media.hint.source,"Source of the image/video, appears in the bottom-right corner","ფოტოს/ვიდეოს წყარო, გამოჩნდება ქვედა მარჯვენა კუთხეში"
501,ka.stories.media.hint.image,Only jpg format allowed; 4MB file size limit,დასაშვებია მხოლოდ jpg ფორმატი; ფაილის მაქსიმალური ზომა 4MB
502,ka.stories.media.hint.video,"Only mp4, mov, webm, ogv, flv, avi and wmv formats accepted; 25MB file size limit. After videos are uploaded they must be processed before they are available for viewing. You will receive a notification when the processing is complete, typically within a few minutes.","დასაშვებია mp4, mov, webm, ogv, flv, avi და wmv ფორმატები; ფაილის მაქსიმალური ზომა 25MB. ატვირთვის შემდეგ, სანამ ვიდეო ამბავს დაემატება, საჭიროა მათი დამუშავება, რაც, ჩვეულებრივ, რამდენიმე წუთს გრძელდება.  როდესაც ვიდეოს დამუშავება დასრულდება, თქვენ მიიღებთ შეტყობინებას."
503,ka.stories.media.hint.caption_align,The Caption text will appear on top of the image/video (appears on the left by default) ,"წარწერა გამოჩნდება სურათზე/ვიდეოზე (ტექსტის ავტომატური მდებარეობა მარცხენა მხარეა, რისი შეცვლაც შეგიძლიათ)"
504,ka.stories.media.hint.infobox_type,The Caption text can float on top of the image/video or can be fixed at the bottom of the image/video,The Caption text can float on top of the image/video or can be fixed at the bottom of the image/video
505,ka.stories.media.hint.video_loop,"If checked, the video will loop infinitly, otherwise the video will not loop","თუ მონიშნავთ, ვიდეო განმეორდება უსასრულოდ, სხვა შემთხვევაში ვიდეო არ განმეორდება"
506,ka.stories.section.form_title,Section Form,სექციის ფორმა
507,ka.stories.section.yes,Yes,კი
508,ka.stories.section.no,No,არა
509,ka.stories.section.placeholder.title,Section title,სექციის სათაური
510,ka.stories.section.hint.title,"This text appears in the left sidebar and, if Navigation Shortcut is selected, will appear as the title text for the shortcut","ეს ტექსტი გამოჩნდება მარცხენა განყოფილებაში და, თუ ეს თავი გამოყოფილია, გამოჩნდება ამ თავის სათაურად"
511,ka.stories.section.hint.type,Selecting this type determines what kind of information you can add into this section,"ამ ტიპის არჩევა განსაზღვრავს იმას, თუ რა სახის ინფორმაციის დამატება შეგეძლებათ ამ სექციაში"
512,ka.stories.section.hint.has_marker,"If checked, there will be a navigation shortcut link to go to this section","თუ მონიშნავთ, ეს სექცია გამოიყოფა და შესაძლებელი იქნება მასზე ცალკე ბმულით გადასვლა"
513,ka.stories.section.hint.audio,Background audio to play while this section is in view (mp3 format only; 10mb file size limit),მუსიკალური გაფორმება ამ სექციისთვის (დასაშვებია მხოლოდ mp3 ფორმატი; ფაილის მაქსიმალური ზომა 10MB)
514,ka.stories.section.hint.delete_audio,"If checked, the Audio Track will be deleted","თუ მონიშნავთ, აუდიო ფაილი წაიშლება"
515,ka.stories.content.form_title,Text Form,ტექსტის ფორმა
516,ka.stories.content.placeholder.title,Text title,ტექსტის სათაური
517,ka.stories.content.placeholder.caption,optional,არ არის სავალდებულო
518,ka.stories.content.placeholder.sub_caption,optional,არ არის სავალდებულო
519,ka.stories.content.hint.title,"This text only appears in the left sidebar, it will not show up in the story","ეს ტექსტი გამოჩნდება მხოლოდ მარცხენა პანელში, და არა თვითონ ამბავში"
520,ka.stories.content.hint.caption,Heading of text will appear at the top of the section,კონტენტის სათაური გამოჩნდება სექციის ზემოთ
521,ka.stories.content.hint.sub_caption,Subheading of text will appear below the Heading,ტექსტის ქვესათური გამოჩნდება ტექსტის სათაურის ქვემოთ
522,ka.stories.content.hint.content,"Text can include html, css styling and images","ტექსტი შეიძლება შეიცავდეს html, css სტილს და ფოტოს"
523,ka.stories.reviewer_key.title,Private URL,ბმული ამბის სანახავად
524,ka.stories.reviewer_key.desc,"You can copy and share the following URL with whomever you want to review '%{title}' before it is published. These people will have the ability to read your story, but not edit it.","თქვენ შეგიძლიათ დააკოპიროთ და გაუზიაროთ ეს ბმული ადამიანებს, ვისაც შეეძლებათ ამბის '%{title}' ნახვა მის გამოქვეყნებამდე. ამ ბმულით შესაძლებელია მხოლოდ ამბის ნახვა და არა მისი რედაქტირება."
525,ka.stories.slideshow.form_title,Image Slideshow Form,გამოსახულების სლაიდშოუს ფორმა
526,ka.stories.slideshow.add_image,Add Image,გამოსახულების დამატება
527,ka.stories.slideshow.placeholder.title,Slideshow Title,სლაიდშოუს სათაური
528,ka.stories.slideshow.placeholder.caption,optional,არ არის სავალდებულო
529,ka.stories.slideshow.hint.title,"This text only appears in the left sidebar, it will not show up in the story","ეს ტექსტი გამოჩნდება მხოლოდ მარცხენა პანელში, და არა თვითონ ამბავში"
530,ka.stories.slideshow.hint.caption,Heading will appear at the top of the slideshow,წარწერა გამოჩნდება სლაიდშოუს ზედა ნაწილში
531,ka.stories.asset_fields.remove_image,Remove,წაშლა
532,ka.stories.asset_fields.placeholder.caption,optional,არ არის სავალდებულო
533,ka.stories.asset_fields.placeholder.source,optional,არ არის სავალდებულო
534,ka.stories.asset_fields.hint.caption,Image Description will appear below the image,სურათის აღწერა გამოჩნდება სურათის ქვემოთ
535,ka.stories.asset_fields.hint.source,Source will appear below the Image Description,წყარო გამოჩნდება სურათის აღწერის ქვემოთ
536,ka.stories.asset_fields.hint.asset,Only jpg and png format allowed; 4MB file size limit,მხოლოდ jpg და png ფორმატია დასაშვები; ფაილის მაქსიმალური ზომა 4MB
537,ka.stories.asset_fields.label.caption,Image Description,სურათის აღწერა
538,ka.stories.asset_fields.label.source,Image Source,სურათის წყარო
539,ka.stories.embed_media.form_title,Embed Online Media Form,ჩასასმელი ონლაინ აუდიო/ვიდეო ფაილის ფორმა
540,ka.stories.embed_media.get_media,Get Online Media,ონლაინ აუდიო/ვიდეო ფაილის ჩასმა
541,ka.stories.embed_media.preview,Preview of Online Media,ონლაინ აუდიო/ვიდეო ფაილის ნახვა
542,ka.stories.embed_media.error,The URL could not be processed. Please try again.,"ბმული ვერ დამუშავდა. გთხოვთ, კიდევ სცადეთ."
543,ka.stories.embed_media.placeholder.title,Embed Online Media Title,ონლაინ აუდიო/ვიდეო ფაილის სათაური
544,ka.stories.embed_media.placeholder.url,Url to online media,ონლაინ აუდიო/ვიდეო ფაილის ბმული
545,ka.stories.embed_media.hint.title,"This text only appears in the left sidebar, it will not show up in the story","ეს ტექსტი გამოჩნდება მხოლოდ მარცხენა პანელში, და არა თვითონ ამბავში"
546,ka.stories.embed_media.hint.url,"The following sites can be used for embeding online media: AUDIO: Soundcloud, Spotify; VIDEO: YouTube, Vimeo, Twitch.TV, Dotsub, Dailymotion, LiveLeak, Vine, TED","ჩასასმელი ონლაინ აუდიო/ვიდეო ფაილისთვის შეგიძლიათ გამოიყენოთ შემდეგი საიტები: აუდიო: Soundcloud, Spotify; ვიდეო: YouTube, Vimeo, Twitch.TV, Dotsub, Dailymotion, LiveLeak, Vine, TED"
547,ka.stories.youtube.form_title,YouTube Video Form,YouTube Video Form
548,ka.stories.youtube.get_media,Get Youtube Video,Get Youtube Video
549,ka.stories.youtube.preview,Preview of YouTube Video,Preview of YouTube Video
550,ka.stories.youtube.error,The URL could not be processed. Please try again.,The URL could not be processed. Please try again.
551,ka.stories.youtube.placeholder.title,YouTube Title,YouTube Title
552,ka.stories.youtube.placeholder.url,Url to YouTube video,Url to YouTube video
553,ka.stories.youtube.hint.title,"This text only appears in the left sidebar, it will not show up in the story","This text only appears in the left sidebar, it will not show up in the story"
554,ka.stories.youtube.hint.url,Copy a YouTube URL and paste it here,Copy a YouTube URL and paste it here
555,ka.stories.youtube.hint.fullscreen,"If checked, the video will take up the entire screen","If checked, the video will take up the entire screen"
556,ka.stories.youtube.hint.loop,"If checked, the video will loop over and over","If checked, the video will loop over and over"
557,ka.stories.youtube.hint.info,"If checked, the title bar will be shown on top of the video","If checked, the title bar will be shown on top of the video"
558,ka.stories.youtube.hint.cc,"If checked, the video subtitles will be shown by default","If checked, the video subtitles will be shown by default"
559,ka.stories.youtube.hint.menu_lang,Language of the YouTube menu/controls,Language of the YouTube menu/controls
560,ka.stories.youtube.hint.cc_lang,Language of the subtitles to show by default,Language of the subtitles to show by default
561,ka.storyteller.byline,By,ავტორი
562,ka.storyteller.byline_media,Photos and videos by ,ფოტოსა და ვიდეოს ავტორი 
563,ka.storyteller.byline_translator,Translated by ,Translated by 
564,ka.storyteller.source,Source:,წყარო:
565,ka.storyteller.by,by,""
566,ka.settings.index.title,Settings,პარამეტრები
567,ka.settings.index.facebook_avatar,This is your avatar from Facebook.,ეს არის თქვენი პროფილის სურათი Facebook-იდან.
568,ka.settings.index.use_facebook_avatar,Use Facebook Avatar,გამოიყენეთ Facebook-ის პროფილის სურათი
569,ka.settings.index.hint.about,Short summary about yourself.  This will be shown with the stories that you publish.,მოკლე ტექსტი თქვენ შესახებ. ეს გამოჩნდება თქვენ მიერ გამოქვეყნებულ ამბებთან ერთად.
570,ka.settings.index.hint.default_story_locale,Select the language you want to use by default when creating a new story.,"აირჩიეთ ენა, რომელსაც გამოიყენებთ ამბის შექმნისას."
571,ka.settings.index.submit,Save Settings,პარამეტრების შენახვა
572,ka.settings.invitations.title,Collaboration Invitations,თანაავტორების მოწვევა
573,ka.settings.invitations.no_invitations,At this time you have no invitations waiting for you.,ამ დროისთვის თქვენ არ გაქვთ ახალი მოწვევა თანაავტორობაზე.
574,ka.settings.invitations.accept_link,Accept,დათანხმება
575,ka.settings.invitations.decline_link,Decline,უარის თქმა
576,ka.settings.invitations.header_date,Date Sent,გაგზავნის თარიღი
577,ka.settings.invitations.header_story,Story Title,ამბის სათური
578,ka.settings.invitations.header_role,Role,Role
579,ka.settings.invitations.header_from,Sent By,გამომგზავნი
580,ka.settings.notifications.title,Notifications,შეტყობინებები
581,ka.settings.notifications.all_sub_title,All Notifications,ყველა შეტყობინება
582,ka.settings.notifications.all_label,Do you want to recieve any notifications from Chai Khana?,გსურთ მიიღოთ შეტყობინებები “Chai Khanaსგან”?
583,ka.settings.notifications.all_no,"No, do not send me any notifications.","არა, არ გამომიგზავნოთ შეტყობინებები."
584,ka.settings.notifications.all_yes,"Yes, I want notifications sent to me.","დიახ, მსურს შეტყობინებების მიღება."
585,ka.settings.notifications.story_comment_sub_title,New Story Comment Notifications,შეტყობინებები ამბის კომენტარებზე
586,ka.settings.notifications.story_comment_label,Do you want to recieve notifications when a comment is made to one of your stories?,"გსურთ მიიღოთ შეტყობინებები, როდესაც თქვენს ამბავზე დააკომენტარებენ?"
587,ka.settings.notifications.story_comment_no,"No, do not send me any notifications.","არა, არ გამომიგზავნოთ შეტყობინებები."
588,ka.settings.notifications.story_comment_yes,"Yes, I want notifications sent to me.","დიახ, მსურს შეტყობინებების მიღება."
589,ka.settings.notifications.new_stories_sub_title,New Story Notifications,ახალი ამბების შესახებ შეტყობინებები
590,ka.settings.notifications.new_stories_all,Notify me when any story is added.,"შემატყობინეთ, როდესაც დაემატება ახალი ამბავი."
591,ka.settings.notifications.new_stories_none,I do not want to receive notifications when a new story is added.,არ მსურს მივიღო შეტყობინებები ახალი ამბების დამატების შესახებ.
592,ka.settings.notifications.new_stories_by_category,Notify me when a story is added to:,"შემატყობინეთ, როდესაც ახალი ამბავი დაემატება შემდეგ კატეგორიას:"
593,ka.settings.notifications.language_sub_title,Notification Language,შეტყობინების ენა
594,ka.settings.notifications.language_label,In what language do you want to receive the notifications?,რა ენაზე გსურთ შეტყობინებების მიღება?
595,ka.settings.notifications.following_sub_title,Chai Khana Users You Are Following,"მომხმარებლები, რომელთაც თქვენ თვალყურს ადევნებთ"
596,ka.settings.notifications.following_label,"You will receive notifications whenever a user you are following publishes a story. To not receive notifications from a user, unfollow them by clicking on their image.","თქვენ მიიღებთ შეტყობინებას, როდესაც მომხმარებელი, რომელსაც თვალყურს ადევნებთ, დაამატებს ახალ ისტორიას. ამ შეტყობინებების მიღება თუ არ გსურთ, გააუქმეთ თვალყურის დევნება მათ სურათზე დაჭერით."
597,ka.settings.notifications.following_not,"At this time, you are not following any users.",ამ დროისთვის თქვენ არცერთ მომხმარებელს არ ადევნებთ თვალყურს.
598,ka.settings.notifications.following_title1,Click to unfollow '%{nickname}','%{nickname}' თვალყურის დევნების გასაუქმებლად დააჭირეთ ღილაკს
599,ka.settings.notifications.following_title2,Click to follow '%{nickname}','%{nickname}' თვალყურის სადევნებლად დააჭირეთ ღილაკს
600,ka.settings.notifications.submit,Save Settings,პარამეტრების შენახვა
601,ka.imageuploader.missing,An error occurred while processing your image. Please try again.,"გამოსახულების დამუშავებისას დაფიქსირდა შეცდომა. გთხოვთ, სცადოთ ახლიდან."
602,ka.imageuploader.invalid_type,Invalid file type. Only .jpg or .png is allowed.,არასწორი ფაილის ტიპი. დასაშვებია jpg და png ფორმატი
603,ka.imageuploader.size_limit,Image file size is limited to 4MB,მაქსიმალური ზომა 4MB
604,ka.devise.mailer.reset_password_instructions.title,Hello %{nickname}!,"მოგესალმებით, %{nickname}!"
605,ka.devise.mailer.reset_password_instructions.p1,"Someone has requested a link to change your password on Chai Khana, and you can do this through the link below.","მივიღეთ მოთხოვნა %{app_name} თქვენი პაროლის შეცვლის შესახებ. პაროლის შესაცვლელად, მიჰყევით შემდეგ ბმულს."
606,ka.devise.mailer.reset_password_instructions.link_title,Change my password,პაროლის შეცვლა
607,ka.devise.mailer.reset_password_instructions.p2,"If you didn't request this, please ignore this email.","თუ თქვენ არ მოგითხოვიათ პაროლის შეცვლა, გთხოვთ, არ მიაქციოთ ყურადღება ამ შეტყობინებას."
608,ka.devise.mailer.reset_password_instructions.p3,Your password won't change until you access the link above and create a new one.,"თქვენი პაროლი იგივე დარჩება, სანამ არ გადახვალთ ზემოთ მითითებულ ბმულზე და შექმნით ახალ პაროლს."
