Line #,st,en Version,ka Translation
1,ka.activerecord.models.user,User,მომხმარებელი
2,ka.activerecord.models.story,Story,ამბავი
3,ka.activerecord.models.section,Section,სექცია
4,ka.activerecord.models.medium,Full-Screen Media Slideshow,მთელ ეკრანზე გაშლილი ფოტო/ვიდეო სლაიდშოუ
5,ka.activerecord.models.content,Text,ტექსტი
6,ka.activerecord.models.message,Message,შეტყობინება
7,ka.activerecord.models.slideshow,Image Slideshow,ფოტო სლაიდშოუ
8,ka.activerecord.models.embed_medium,Embeddable Online Media,ჩასასმელი ონლაინ აუდიო/ვიდეო
9,ka.activerecord.models.youtube,YouTube Video,YouTube ვიდეო
10,ka.activerecord.models.language,Language,ენა
11,ka.activerecord.models.category,Category,კატეგორია
12,ka.activerecord.models.page,Text for Pages,ტექსტი გვერდებისთვის
13,ka.activerecord.models.theme,Theme,თემა
14,ka.activerecord.models.story_type,Story Type,ამბის ტიპი
15,ka.activerecord.models.author,Author,ავტორი
16,ka.activerecord.models.asset,File,File
17,ka.activerecord.attributes.asset.asset_file_name,File,File
18,ka.activerecord.attributes.asset.asset_content_type,File Content Type,File Content Type
19,ka.activerecord.attributes.asset.asset_file_size,File Size,File Size
23,ka.activerecord.attributes.user.email,Email Address,ელ. ფოსტა
24,ka.activerecord.attributes.user.password,Password,პაროლი
25,ka.activerecord.attributes.user.password_confirmation,Password Confirmation,გაიმეორეთ პაროლი
26,ka.activerecord.attributes.user.role,Role,როლი
27,ka.activerecord.attributes.user.remember_me,Remember Me,დამიმახსოვრე
28,ka.activerecord.attributes.user.default_story_locale,Default Language for Your Stories,თქვენი ამბის ავტომატური ენა
29,ka.activerecord.attributes.user.about,Summary of You,თქვენ შესახებ
30,ka.activerecord.attributes.user.local_avatar,Avatar,პროფილის სურათი
31,ka.activerecord.attributes.user.nickname,Nickname,მომხმარებლის სახელი
32,ka.activerecord.attributes.user.sign_in_count,Number of Times Logged In,შემოსვლის რაოდენობა
33,ka.activerecord.attributes.user.created_at,Date Created,შექმნის თარიღი
34,ka.activerecord.attributes.user.current_sign_in_at,Date Last Logged In,ბოლო შემოსვლის თარიღი
35,ka.activerecord.attributes.author.avatar,Avatar,პროფილის სურათი
36,ka.activerecord.attributes.author_translation.name,Name,სახელი
37,ka.activerecord.attributes.author_translation.about,About,შესახებ
38,ka.activerecord.attributes.author_translation.permalink,Permalink,მუდმივი ბმული
42,ka.activerecord.attributes.story.user_id,Story Author,ამბის ავტორი
43,ka.activerecord.attributes.story.user_ids,Editors,ამბის რედაქტორები
44,ka.activerecord.attributes.story.publish_home_page,"Once published, make your story visible on the homepage?","გამოქვეყნების შემდეგ, გსურთ, თქვენი ამბავი გამოჩნდეს მთავარ გვერდზე?"
45,ka.activerecord.attributes.story.template_id,Template,შაბლონი
46,ka.activerecord.attributes.story.thumbnail,Thumbnail,ესკიზი
47,ka.activerecord.attributes.story.story_locale,Story Language,ამბის ენა
48,ka.activerecord.attributes.story.tag_list,Tags,თეგები
49,ka.activerecord.attributes.story.categories,Categories,კატეგორიები
50,ka.activerecord.attributes.story.story_type,Type,ტიპი
51,ka.activerecord.attributes.story.in_theme_slider,Show Story in Theme Slider,ამბის სლაიდერში ჩვენება
52,ka.activerecord.attributes.story_translation.title,Story Title,ამბის სათაური
53,ka.activerecord.attributes.story_translation.author,Author(s),ავტორ(ებ)ი
54,ka.activerecord.attributes.story_translation.media_author,Photo and Video Author(s),ფოტოსა და ვიდეოს ავტორ(ებ)ი
55,ka.activerecord.attributes.story_translation.translation_author,Translation Author(s),თარგმნის ავტორი
56,ka.activerecord.attributes.story_translation.published,Publish?,გამოვაქვეყნოთ?
57,ka.activerecord.attributes.story_translation.published_at,Was Published,გამოქვეყნებულია
58,ka.activerecord.attributes.story_translation.about,Story Summary,ამბის მოკლე შინაარსი
59,ka.activerecord.attributes.story_translation.permalink,Story URL,ამბის ბმული
60,ka.activerecord.attributes.story_translation.permalink_staging,Story URL,ამბის ბმული
76,ka.activerecord.attributes.section.has_marker,Navigation Shortcut,სექციის გამოყოფა
77,ka.activerecord.attributes.section.type_id,Type,ტიპი
78,ka.activerecord.attributes.section.sort_order,Sort Order,დალაგება
79,ka.activerecord.attributes.section_translation.title,Title,სათაური
80,ka.activerecord.attributes.section_translation.audio,Audio Track,აუდიო ფაილი
81,ka.activerecord.attributes.section_translation.delete_audio,Delete the Audio Track?,აუდიო ფაილის წაშლა?
91,ka.activerecord.attributes.content_translation.title,Title,სათაური
92,ka.activerecord.attributes.content_translation.caption,Heading,ტექსტის სათაური
93,ka.activerecord.attributes.content_translation.sub_caption,Subheading,ტექსტის ქვესათაური
94,ka.activerecord.attributes.content_translation.content,Text,ტექსტი
99,ka.activerecord.attributes.medium.media_type,Media Type,მედია ტიპი
100,ka.activerecord.attributes.medium.image,Image,სურათი
101,ka.activerecord.attributes.medium.video,Video,ვიდეო
102,ka.activerecord.attributes.medium.video_loop,Loop Video,ვიდეოს გამეორება
103,ka.activerecord.attributes.medium_translation.title,Title,სათაური
104,ka.activerecord.attributes.medium_translation.caption,Caption,წარწერა
105,ka.activerecord.attributes.medium_translation.caption_align,Caption Alignment,წარწერის მდებარეობა
106,ka.activerecord.attributes.medium_translation.infobox_type,Caption Position,წარწერის მდებარეობა
107,ka.activerecord.attributes.medium_translation.summary,Summary,მოკლე შინაარსი
108,ka.activerecord.attributes.medium_translation.source,Source,წყარო
109,ka.activerecord.attributes.medium_translation.image_name,Image,სურათი
110,ka.activerecord.attributes.medium_translation.video_name,Video,ვიდეო
131,ka.activerecord.attributes.slideshow_translation.title,Title,სათაური
132,ka.activerecord.attributes.slideshow_translation.caption,Heading,ფოტოს წარწერა
133,ka.activerecord.attributes.slideshow_translation.description,Description,აღწერა
134,ka.activerecord.attributes.slideshow_translation.asset_files_name,Image(s),Image(s)
145,ka.activerecord.attributes.message.name,Name,სახელი
146,ka.activerecord.attributes.message.email,Email Address,ელ. ფოსტის მისამართი
147,ka.activerecord.attributes.message.message,Message,გზავნილი
148,ka.activerecord.attributes.message.message_type,Feedback Type,გზავნილის მიზანი
149,ka.activerecord.attributes.embed_medium_translation.title,Title,სათაური
150,ka.activerecord.attributes.embed_medium_translation.url,Url to Online Media,ონლაინ აუდიოს/ვიდეოს ბმული
153,ka.activerecord.attributes.youtube.fullscreen,Fullscreen,მთელ ეკრანზე გაშლილი
154,ka.activerecord.attributes.youtube.loop,Loop,გამეორება
155,ka.activerecord.attributes.youtube.info,Show Video Title Bar,ვიდეოს სათაურის ჩვენება
156,ka.activerecord.attributes.youtube_translation.title,Title,სათაური
157,ka.activerecord.attributes.youtube_translation.url,Url to YouTube Video,YouTube ვიდეოს Url-ი
158,ka.activerecord.attributes.youtube_translation.menu_lang,Player Language,პლეერის პარამეტრების ენა
159,ka.activerecord.attributes.youtube_translation.cc,Show Caption/Subtitle,წარწერის/სუბტიტრების ჩვენება
160,ka.activerecord.attributes.youtube_translation.cc_lang,Subtitle Language,სუბტიტრების ენა
161,ka.activerecord.attributes.youtube_translation.code,Youtube Video Id,Youtube Video Id
168,ka.activerecord.attributes.infographic.published_at,Date Published,Date Published
169,ka.activerecord.attributes.infographic.image,Infographic Image,Infographic Image
170,ka.activerecord.attributes.infographic.dataset_file,Related File,Related File
171,ka.activerecord.attributes.infographic.datasources,Data Sources,Data Sources
172,ka.activerecord.attributes.infographic.subtype,Infographic Type,Infographic Type
173,ka.activerecord.attributes.infographic.dynamic_width,Width,Width
174,ka.activerecord.attributes.infographic.dynamic_height,Height,Height
175,ka.activerecord.attributes.infographic.dynamic_render,Show Infographic in Story or in Popup,Show Infographic in Story or in Popup
176,ka.activerecord.attributes.infographic_translation.title,Title,Title
177,ka.activerecord.attributes.infographic_translation.caption,Heading,Heading
178,ka.activerecord.attributes.infographic_translation.description,Description,Description
179,ka.activerecord.attributes.infographic_translation.dataset_url,Online Dataset,Online Dataset
180,ka.activerecord.attributes.infographic_translation.image_name,Image,Image
187,ka.activerecord.attributes.infographic_translation.dynamic_url,Dynamic URL,Dynamic URL
200,ka.activerecord.attributes.infographic_datasource.name,Data Source Name,Data Source Name
201,ka.activerecord.attributes.infographic_datasource.url,Data Source URL,Data Source URL
202,ka.activerecord.attributes.language.locale,Locale,ენის აღმნიშვნელი
203,ka.activerecord.attributes.language.name,Language Name,ენა
204,ka.activerecord.attributes.category_translation.name,Name,სახელი
206,ka.activerecord.attributes.page.name,Unique name for content (do not change!),კონტენტის უნიკალური სახელი (არ შეცვალოთ!)
207,ka.activerecord.attributes.page_translation.title,Title to show above content,"სათაური, რომელიც გამოჩნდება კონტენტის ზემოთ"
208,ka.activerecord.attributes.page_translation.content,Content,კონტენტი
211,ka.activerecord.attributes.theme.is_published,Publish?,გამოვაქვეყნოთ?
212,ka.activerecord.attributes.theme.published_at,Date Published,გამოქვეყნების თარიღი
213,ka.activerecord.attributes.theme.show_home_page,Show this theme on the home page?,ვაჩვენოთ ეს თემა მთავარ გვერდზე?
214,ka.activerecord.attributes.theme.published_item_count,Number of Published Items,გამოქვეყნებულ ამბავთა რაოდენობა
215,ka.activerecord.attributes.theme.featured_stories,Featured Stories,Featured Stories
216,ka.activerecord.attributes.theme_translation.name,Name,სათაური
217,ka.activerecord.attributes.theme_translation.edition,Edition,გამოცემა
218,ka.activerecord.attributes.theme_translation.description,Description,აღწერა
219,ka.activerecord.attributes.theme_translation.permalink,URL,URL-ი
224,ka.activerecord.attributes.story_type.sort_order,Sort Order,დალაგება
225,ka.activerecord.attributes.story_type_translation.name,Name,სათაური
226,ka.activerecord.attributes.story_type_translation.permalink,URL,URL-ი
229,ka.activerecord.errors.messages.required_field,is a required field.,სავალდებულო ველი
230,ka.activerecord.errors.messages.already_exists,already exists in the database.,უკვე არსებობს მონაცემთა ბაზაში
231,ka.activerecord.errors.messages.story_authors,must have at least one person selected.,საჭიროა ერთი ადამიანის ონიშვნა მაინც.
232,ka.activerecord.errors.messages.publish_theme,The theme cannot be published until at least one published item has been assigned to the theme.,"თემის გამოქვეყნება შეუძლებელია, თუ ამ თემას ერთი ამბავი მაინც არ აქვს მისადაგებული."
233,ka.activerecord.errors.messages.not_provided,must be provided.,must be provided.
234,ka.mailer.closing,"Sincerely,","პატივისცემით,"
235,ka.mailer.signature,The Chai Khana Team,“ჩაი ხანას” გუნდი
236,ka.mailer.unsubscribe,Click here to change your notification settings,დააჭირეთ და შეცვალეთ შეტყობინებების პარამეტრები
237,ka.mailer.contact.contact_form.subject,Chai Khana Contact Form,“ჩაი ხანას” საკონტაქტო ფორმა
238,ka.mailer.notification.new_user.subject,Welcome to Chai Khana!,კეთილი იყოს თქვენი მობრძანება “სთორიბილდერზე!”
239,ka.mailer.notification.new_user.message,"Thank you for becoming a member of Chai Khana. We look forward to exploring the stories you build!

When you have a chance, please visit your settings page so you can update your avatar, nickname, personal URL, and a summary about yourself: [settings_link].

You can manage when you would like to receive email notifications from Chai Khana by going to the notifications page: [notifications_link].","გმადლობთ, რომ გახდით “ჩაი ხანას” წევრი. ჩვენ გვსურს, გავიგოთ უფრო მეტი თქვენი ამბების შესახებ!

როცა დრო გექნებათ, გთხოვთ, ეწვიოთ პარამეტრების გვერდს, რათა შეიყვანოთ ინფორმაცია თქვენ შესახებ, შეცვალოთ პროფილის სურათი, სახელი და პირადი ბმულიი: [settings_link].

თქვენ შეიგიძლიათ განსაზღვროთ, როდის გსურთ “Chai Khanaდან” შეტყობინებების მიღება, ამისათვის ეწვიეთ შეტყობინებების გვერდს: [notifications_link]."
240,ka.mailer.notification.published_theme.subject,New themes have been published on Chai Khana!,"""ჩაი ხანას"" ვებგვერდზე დაემატა ახალი თემა!"
241,ka.mailer.notification.published_theme.message,The following themes you have expressed interest in were recently published:,"თემები, რომლითაც თქვენ დაინტერესდით, უკვე გამოქვეყნებულია:"
242,ka.mailer.notification.published_story.subject,New stories have been published on Chai Khana!,“ჩაი ხანაზე” გამოქვეყნდა ახალი ამბავი!
243,ka.mailer.notification.published_story.message,The following stories you have expressed interest in were recently published:,"ამბები, რომლითაც თქვენ დაინტერესდით, უკვე გამოქვეყნებულია:"
244,ka.mailer.notification.story_comment.subject,Someone has posted a comment on your story on Chai Khana!,ვიღაცამ დატოვა კომენტარი “სთორიბილდერზე” თქვენ მიერ გამოქვეყნებულ ამბავზე!
245,ka.mailer.notification.story_comment.message,The following stories have recently received a comment:,ამ ამბებზე ცოტა ხნის წინ დატოვეს კომენტარები:
246,ka.mailer.notification.story_comment.comment,1 Comment,1 კომენტარი
247,ka.mailer.notification.story_comment.comments,%{num} Comments,%{num} კომენტარი
248,ka.mailer.notification.story_collaboration.subject,You have been invited to collaborate on a story on Chai Khana!,"თქვენ მოწვეული ხართ, რათა მონაწილეობა მიიღოთ “სთორიბილდერზე” ამბის შექმნაში!"
249,ka.mailer.notification.story_collaboration.message,"You have received the following invitations to collaborate on stories with other people on Chai Khana. If you would like to accept the invitation, simply click the 'Accept the Invitation' link. If you want to decline this invitation, no action is needed on your part.","თქვენ მოწვეული ხართ, რათა მონაწილეობა მიიღოთ ამბის შექმნაში სხვა ადამიანებთან ერთად “სთორიბილდერზე”. თუ გსურთ, მიიღოთ მოწვევა, უბრალოდ დააჭირეთ ბმულს 'მოწვევის მიღება'. თუ არ გსურთ მონაწილეობა, უპასუხოდ დატოვეთ მოწვევა."
250,ka.mailer.notification.story_collaboration.from,From,ვისგან
251,ka.mailer.notification.story_collaboration.role,Role,როლი
252,ka.mailer.notification.story_collaboration.story_title,Story Title,ამბის სათაური
253,ka.mailer.notification.story_collaboration.msg,Message,გზავნილი
254,ka.mailer.notification.story_collaboration.accept_link,Accept the Invitation,მოწვევის მიღება
255,ka.mailer.notification.story_collaboration.all_invitations,View all of your Chai Khana collaboration invitations.,იხილეთ ყველა მოწვევა “სთორბილიდერზე” ამბების თანაავტორობის შესახებ.
256,ka.mailer.notification.processed_videos.subject,Your videos on Chai Khana have been processed!,თქვენი ვიდეოები დამუშავებულია.
257,ka.mailer.notification.processed_videos.message,The following stories of yours have videos that have completed processing:,"ეს ამბები შეიცავს ვიდეო ფაილებს, რომელთა დამუშავებაც დასრულებულია."
258,ka.mailer.notification.processed_videos.story_title,Story:,ამბის სათაური:
259,ka.mailer.notification.processed_videos.status,Video Processing Status: %{processed} of %{total} completed,ვიდეოს დამუშავების სტატუსი: %{total}-დან %{processed} დამუშავებულია
260,ka.mailer.notification.processed_videos.processed,Videos Processed:,ვიდეო დამუშავებულია:
261,ka.mailer.notification.processed_videos.not_processed,Videos Still Processing:,ვიდეო დამუშავების პროცესშია:
262,ka.mailer.notification.processed_videos.none_processed,No vidoes have been processed.,არცერთი ვიდეო არ არის დამუშავებული
263,ka.mailer.notification.processed_videos.none_processing,All videos have been processed!,ყველა ვიდეო დამუშავებულია
264,ka.mailer.notification.processed_video_errors.subject,Videos on Chai Khana have processing errors!,“სთორიბილდერზე” ვიდეოების დამუშავებისას დაფიქსირდა ხარვეზი!
265,ka.mailer.notification.processed_video_errors.message,The following videos had errors while being processed:,შემდეგი ვიდეოებისას დამუშავებისას დაფიქსირდა ხარვეზი:
266,ka.mailer.notification.processed_video_errors.story_id,Story ID,ამბის ID
267,ka.mailer.notification.processed_video_errors.asset_id,Asset ID,ფაილის ID
268,ka.mailer.notification.processed_video_errors.path,URL of Video,ვიდეოს ბმული
269,ka.helpers.actions,Actions,მოქმედება
270,ka.helpers.links.admin,Admin Section,ადმინისტრატორის განყოფილება
271,ka.helpers.links.edit,Edit,შეცვლა
272,ka.helpers.links.confirm,Are you sure?,დარწმუნებული ხართ?
273,ka.helpers.links.destroy,Delete,წაშლა
274,ka.helpers.links.new,New,ახალი
275,ka.helpers.links.list,View All,ყველას ნახვა
276,ka.helpers.links.back,View All,ყველას ნახვა
277,ka.helpers.links.cancel,Cancel,გაუქმება
278,ka.helpers.links.reset,Reset,საწყის კონფიგურაციაზე დაბრუნება
279,ka.helpers.links.view,View,ნახვა
280,ka.helpers.links.sign_in_facebook,Sign in with Facebook,Facebook-ით შესვლა
281,ka.helpers.links.edit_story,Edit Story Settings,ამბის პარამეტრების რედაქტირება
282,ka.helpers.links.delete_story,Delete Story,ამბის წაშლა
283,ka.helpers.links.admin_story,Edit Content,კონტენტის რედაქტირება
284,ka.helpers.links.publish_story,Publish Story,ამბის გამოქვეყნება
285,ka.helpers.links.forgot_password,Forgot Password?,დაგავიწყდათ პაროლი?
286,ka.helpers.links.change_password,Change Your Password,პაროლის შეცვლა
287,ka.helpers.links.change_password2,Change Password,პაროლის შეცვლა
288,ka.helpers.links.password_reset,Reset Password,პაროლის აღდგენა
289,ka.helpers.links.sign_in2,Sign In,შესვლა
290,ka.helpers.links.sign_in,Already have an account?,უკვე გაქვთ ანგარიში?
291,ka.helpers.links.sign_up2,Sign Up,რეგისტრაცია
292,ka.helpers.links.sign_up_question,Not a member yet?,არ გაქვთ ანგარიში?
293,ka.helpers.links.sign_up,Register now,დარეგისტრირდით
294,ka.helpers.links.sign_up_title,Join Chai Khana,შემოგვიერთდი “სთორიბილდერზე”
295,ka.helpers.links.sign_out,Sign Out,გასვლა
296,ka.helpers.links.sign_in_provider,Sign in with %{provider},შესვლა %{provider}-ით
297,ka.helpers.links.sign_up_provider,Sign up with %{provider},დარეგისტრირდით %{provider}-ით
298,ka.helpers.links.sign_in_local_or_provider,or log in with your email and password,ან შეიყვანეთ თქვენი ელ. ფოსტა და პაროლი
299,ka.helpers.links.reset_or_sign_in,sign in with facebook or reset your password,შედით facebook-ით ან შეცვალეთ პაროლი
300,ka.helpers.links.add_story,Add Story,ამბის დამატება
301,ka.helpers.links.users,Users,მომხმარებლები
302,ka.helpers.links.authors,Authors,ავტორი
303,ka.helpers.links.feedback,Feedback,მოგვწერე
304,ka.helpers.links.about,About,ჩვენ შესახებ
305,ka.helpers.links.rss,RSS,RSS-ი
306,ka.helpers.links.themes,Themes,თემა
307,ka.helpers.links.story_types,Types,ტიპი
308,ka.helpers.links.languages,Languages,ენები
309,ka.helpers.links.follow,Follow,მიყოლა
310,ka.helpers.links.facebook,Facebook,Facebook
311,ka.helpers.links.twitter,Twitter,Twitter
312,ka.helpers.links.youtube,YouTube,YouTube
313,ka.helpers.links.subscribe,Subscribe,გამოწერა
314,ka.helpers.links.user_settings,Settings,პარამეტრები
315,ka.helpers.links.like,Like,მოწონება
316,ka.helpers.links.likes,Likes,მოწონება
317,ka.helpers.links.comments,Comment on this story,კომენტარები ამ ამბავზე
318,ka.helpers.links.views,%{num} views,%{num} წაკითხვა
319,ka.helpers.links.tags,Tags,თეგი
320,ka.helpers.links.menu,Menu,მენიუ
321,ka.helpers.links.pages,Edit Text on Site,საიტზე ტექსტის რედაქტირება
322,ka.helpers.links.next,Next,შემდეგი
323,ka.helpers.links.feed,Feed,სიახლეების ველი
324,ka.helpers.links.download,Download,Download
325,ka.helpers.links.previous,Previous,Previous
326,ka.helpers.links.story_menu.link.story,Story,ამბავი
327,ka.helpers.links.story_menu.link.story_settings,Story Settings,ამბის პარამეტრები
328,ka.helpers.links.story_menu.link.collaborators,Collaborators,თანაავტორები
329,ka.helpers.links.story_menu.link.preview,Preview,ნახვა
330,ka.helpers.links.story_menu.link.publish,Publish,გამოქვეყნება
331,ka.helpers.links.story_menu.link.unpublish,Unpublish,გამოყვეყნების გაუქმება
332,ka.helpers.links.story_menu.link.review,Private URL,არასაჯარო ბმული
333,ka.helpers.links.story_menu.link.clone,Clone,კლონირება
334,ka.helpers.links.story_menu.link.export,Download,ჩამოტვირთვა
335,ka.helpers.links.story_menu.link.delete_story,Delete,წაშლა
336,ka.helpers.links.story_menu.link.translations,Translations,თარგმანები
337,ka.helpers.links.story_menu.title.story,Edit your story,საკუთარი ამბის რედაქტირება
338,ka.helpers.links.story_menu.title.story_settings,"Edit story title, authors, URL, summary, thumbnail, language, tags and/or categories, content etc.","ამბის სათაურის, ავტორების, ბმულის, მოკლე შინაარსის, ესკიზის, ენის, თეგების და/ან კატეგორიების რედაქტირება"
339,ka.helpers.links.story_menu.title.collaborators,Manage which users have access to edit your story,"განსაზღვრეთ, რომელ მომხმარებელს შეუძლია თქვენი ამბის რედაქტირება"
340,ka.helpers.links.story_menu.title.preview,See how your story looks,"ნახეთ, როგორ გამოიყურება თქვენი ამბავი"
341,ka.helpers.links.story_menu.title.publish,Make your story viewable to the world,აჩვენეთ თქვენი ამბავი მსოფლიოს
342,ka.helpers.links.story_menu.title.unpublish,Make your story NOT viewable to the world,აღარ აჩვენოთ თქვენი ამბავი მსოფლიოს
343,ka.helpers.links.story_menu.title.review,URL to share this story before publishing,გაუზიარეთ ეს ამბავი სხვებს ამბის გამოქვეყნებამდე
344,ka.helpers.links.story_menu.title.clone,Copy this story into a new story,შექმენით ამ ამბის ასლი
345,ka.helpers.links.story_menu.title.export,Download the complete story,მთლიანი ამბის ჩამოტვირთვა
346,ka.helpers.links.story_menu.title.delete_story,Deleting a story cannot be undone,წაშალეთ ამბავი. ამბის აღდგენა არ იქნება შესაძლებელი
347,ka.helpers.links.story_menu.title.translations,Translate your story into other languages,ამბის სხვა ენაზე თარგმნა
348,ka.helpers.titles.new,New %{model},ახალი %{model}
349,ka.helpers.titles.edit,Edit %{model},შეცვლა %{model}
350,ka.helpers.titles.story_list,My Stories,ჩემი ამბები
351,ka.helpers.hints.nickname,"Your nickname is used in the URL to your published stories (e.g., nickname/story-title)","თქვენი სახელი გამოყენებულია თქვენ მიერ გამოქვეყნებული ამბების ბმულში (მაგ., სახელი/ამბის-სათაური)"
352,ka.helpers.hints.local_avatar,Image that is shown in the header bar and on your user page (png and jpg only).,"ფოტო, რომელიც გამოჩნდება თქვენი გვერდის ზედა სექციაში (მხოლოდ png და jpg)."
353,ka.helpers.hints.avatar,Image that is shown on the Author's page (png and jpg only).,ფოტო რომელიც გამოჩნდება ავტორის გვერდზე (მხოლოდ png და jpg)
354,ka.helpers.hints.like,Like this story,მოიწონეთ ამბავი
355,ka.helpers.hints.unlike,Unlike this story,აღარ მომწონს ეს ამბავი
356,ka.helpers.hints.staff_pick,Select as Staff Pick,რჩეულებში დამატება
357,ka.helpers.hints.staff_unpick,Unselect as Staff Pick,რჩეულებიდან ამოშლა
358,ka.helpers.hints.is_staff_pick,Staff Pick,რჩეული
359,ka.helpers.hints.clone_asset,"If checked, the file to the left will be used for this translation",თუ მონიშნავთ მარცხნივ მდებარე ფაილი გამოყენებული ქნება სათარგმნად
360,ka.app.language.en,English,English
361,ka.app.language.ka,ქართული,ქართული
362,ka.app.language.hy,Հայերեն,Հայերեն
363,ka.app.language.ru,Русский,Русский
364,ka.app.language.az,Azərbaycan,Azərbaycan
365,ka.app.buttons.back,View All,იხილეთ ყველა
366,ka.app.buttons.list,View All,იხილეთ ყველა
367,ka.app.buttons.admin,Admin Section,ადმინისტრატორის განყოფილება
368,ka.app.buttons.delete,Delete,წაშლა
369,ka.app.buttons.edit,Edit,შეცვლა
370,ka.app.buttons.show,Show,ჩვენება
371,ka.app.buttons.cancel,Cancel,გაუქმება
372,ka.app.buttons.update,Update,განახლება
373,ka.app.buttons.save,Save,შენახვა
374,ka.app.buttons.save_and_next,Save & Next,შენახვა და შემდეგი
375,ka.app.buttons.create,Create,შექმნა
376,ka.app.buttons.reset,Reset,საწყის კონფიგურაციაზე დაბრუნება
377,ka.app.buttons.remove,Remove,ამოშლა
378,ka.app.buttons.confirm,Are you sure?,დარწმუნებული ხართ?
379,ka.app.buttons.new,New,ახალი
380,ka.app.buttons.add_section,Add Section,ახალი სექცია
381,ka.app.buttons.add_item,Add Item into Section,განყოფილებაში პუნქტის დამატება
382,ka.app.buttons.up,Move Selected Section/Item Up,არჩეული განყოფილების/პუნქტის ზემოთ ატანა
383,ka.app.buttons.down,Move Selected Section/Item Down,არჩეული განყოფილების/პუნქტის ქვემოთ ჩამოტანა
384,ka.app.buttons.delete_item,Delete Selected Section/Item,არჩეული განყოფილების/პუნქტის წაშლა
385,ka.app.buttons.preview,Preview,ნახვა
386,ka.app.buttons.preview_image,Preview Image,სურათის ნახვა
387,ka.app.buttons.preview_video,Preview Video,ვიდეოს ნახვა
388,ka.app.buttons.preview_audio,Listen To Audio,აუდიოს მოსმენა
389,ka.app.buttons.publish,Publish,გამოქვეყნება
390,ka.app.buttons.unpublish,Unpublish,გამოყვეყნების გაუქმება
391,ka.app.buttons.clone,Copy this story into a new story,კლონირება
392,ka.app.buttons.export,Download the complete story,მთლიანი ამბის ჩამოტვირთვა
393,ka.app.buttons.scroll,Scroll,დასქროლე
394,ka.app.buttons.reviewer_key,Get URL to share this story before publishing,"მიიღეთ URL, რათა გააზიაროთ ამბავი მის გამოქვეყნებამდე"
395,ka.app.buttons.reviewer_key_published,Your story is published so there is no need to share this non-published URL,"თქვენი ამბავი გამოქვეყნებულია, აღარაა საჭირო ამ ბმულის გამოყენება"
396,ka.app.buttons.explore,Explore,დაათვალიერე
397,ka.app.buttons.processing,Processing...,Processing...
398,ka.app.common.app_name_not_trans,Chai Khana,"""ჩაი ხანა"""
399,ka.app.common.app_name,Chai Khana,“ჩაი ხანა”
400,ka.app.common.app_intro,Chai Khana is an NGO that provides cross-border journalistic trainings and online publishing for issue-based multi-media coverage in the South Caucasus region.,"""ჩაი ხანა"" არის არასამთავრობო ორგანიზაცია, რომელიც ინტერნეტ გამოცემითა და ტრენინგებით უზრუნველყოფს სამხრეთ კავკასიის რეგიონულში პრობლემური საკითხების გაშუქებას."
401,ka.app.common.app_intro_meta,Chai Khana is an NGO that provides cross-border journalistic trainings and online publishing for issue-based multi-media coverage in the South Caucasus region.,"""ჩაი ხანა"" არის არასამთავრობო ორგანიზაცია, რომელიც ინტერნეტ გამოცემითა და ტრენინგებით უზრუნველყოფს სამხრეთ კავკასიის რეგიონულში პრობლემური საკითხების გაშუქებას."
402,ka.app.common.powered_by,Powered by,შექმნილია
403,ka.app.common.powered_by_js,Jumpstart Georgia,“ჯამპსტარტ ჯორჯიას”
404,ka.app.common.powered_by_end,,მიერ
405,ka.app.common.embed_slogan,Build your story with Chai Khana,შექმენი შენი ამბავი “ჩაი ხანას” გამოყენებით
406,ka.app.common.added_on,Added on: %{date},დამატებულია: %{date}
407,ka.app.common.last_sign_in,Logged in last: %{date},ბოლო შემოსვლა: %{date}
408,ka.app.common.admin,Admin,ადმინისტრატორი
409,ka.app.common.sign_out,Sign Out,გასვლა
410,ka.app.common.jumpstart,JumpStart Georgia,ჯამპსტარტ ჯორჯია
411,ka.app.common.js_link_title,JumpStart Georgia - We communicate data better!,ჯამპსტარტ ჯორჯია - ჩვენ გაწვდით მონაცემებს უკეთ!
412,ka.app.common.js_link_text,Built by,აგებულია
413,ka.app.common.search,Search for Story ...,ამბის მოძებნა
414,ka.app.common.build,Build Story,ამბის შექმნა
415,ka.app.common.explore,Explore Stories,ამბების დათვალიერება
416,ka.app.common.about_story,About,ჩვენ შესახებ
417,ka.app.common.likes,Likes,მოწონება
418,ka.app.common.comments,Comments,კომენტარები
419,ka.app.common.publish_date,Publish Date,გამოქვეყნების თარიღი
420,ka.app.common.follow,Follow,თვალყურის დევნება
421,ka.app.common.following,Following,თვალყურის დევნება
422,ka.app.common.follow_link_title,Click to receive notifications whenever this author publishes new stories,"დააჭირეთ, რათა მიიღოთ შეტყობინება, როდესაც ეს მომხმარებელი გამოაქვეყნებს ახალ ამბავს"
423,ka.app.common.unfollow_link_title,Click to stop receiving notifications whenever this author publishes new stories,"დააჭირეთ, რათა შეწყვიტოთ შეტყობინების მიღება, როდესაც ეს მომხმარებელი გამოაქვეყნებს ახალ ამბავს"
424,ka.app.common.email,Email,ელ. ფოსტა
425,ka.app.common.views,Views,ნახვა
426,ka.app.common.permalink,Permalink,მუდმივი ბმული
427,ka.app.common.shortened_url,Short URL,მოკლე ბმული
428,ka.app.common.share_story,Share this story,ამბის გაზიარება
429,ka.app.common.share_facebook,Share on Facebook,Facebook-ზე გაზიარება
430,ka.app.common.share_twitter,Share on Twitter,Twitter-ზე გაზიარება
431,ka.app.common.share,Share,გაზიარება
432,ka.app.common.staff_pick,Staff Pick,რჩეული
433,ka.app.common.wide,wide,(სიგანე)
434,ka.app.common.partial,Link to Story,ამბის ბმული
435,ka.app.common.partial_text,"Embed a link to the story that has the same look as the story links on the home page of Chai Khana (image, title, author, etc)","გამოიყენე ისეთი ჩასასმელი ბმული, რომელსაც აქვს იგივე სახე, რაც ამბებს “Chai Khanaს” საწყის გვერდზე (ფოტო, სათაური, ავტორი, თარიღი, და ა.შ.)"
436,ka.app.common.full,Full Story,სრული ამბავი
437,ka.app.common.full_text,Embed the complete story on another website. We suggest you make the width as large as possible to produce the best look.,"გადაიტანე ამბის სრული ვერსია სხვა საიტზე. ჩვენ გირჩევთ, გამოიყენოთ მაქსიმალური სიგანე, რათა მიიღოთ უკეთესი გამოსახულება."
438,ka.app.common.feed,Chai Khana Feeds,"""ჩაი ხანას"" სიახლეების ველი"
439,ka.app.common.home,Home,მთავარი
440,ka.app.common.required,Required,სავალდებულო
441,ka.app.common.nothing_selected,Nothing Selected,არ არის არჩეული
442,ka.app.common.clone_asset,Use the original file?,გამოვიყენოთ საწყისი ფაილის?
443,ka.app.common.embed,Embed Code,კოდის ჩასმა
444,ka.app.common.scroll_top,Scroll to the top,მაღლა ასვლა
445,ka.app.msgs.does_not_exist,You tried to access a page that does not exist.,"თქვენ ცდილობთ ისეთი გვერდის ნახვას, რომელიც არ არსებობს."
446,ka.app.msgs.not_authorized,You are not authorized to view that page.,თქვენ არ გაქვთ ამ გვერდის ნახვის უფლება.
447,ka.app.msgs.success_created,%{obj} was successfully created.,%{obj} შექმნილია.
448,ka.app.msgs.success_updated,%{obj} was successfully updated.,%{obj} განახლებულია.
449,ka.app.msgs.success_publish,%{obj} was successfully published.,%{obj} გამოქვეყნებულია.
450,ka.app.msgs.success_unpublish,%{obj} was successfully unpublished.,%{obj}ის გამოქვეყნება გაუქმებულია.
451,ka.app.msgs.success_clone,%{obj} was successfully cloned to %{to}.,%{obj}-ის კლონი შექმნილია: %{to}.
452,ka.app.msgs.error_created,%{obj} wasn't created: %{err},%{obj} არ შექმნილა: %{err}
453,ka.app.msgs.error_updated,%{obj} wasn't updated: %{err},%{obj} არ განახლებულა: %{err}
454,ka.app.msgs.error_publish,%{obj} wasn't published: %{err},%{obj} არ გამოქვეყნებულა: %{err}
455,ka.app.msgs.error_publish_missing_fields,%{obj} can't be published until you provide a summary and thumbnail image.,"%{obj} ვერ გამოქვეყნებული, სანამ არ დაამატებთ მოკლე შინაარსს და ფოტოს."
456,ka.app.msgs.error_publish_missing_fields_link,Add the missing content.,დაამატეთ გამოტოვებული კონტენტი.
457,ka.app.msgs.error_publish_missing_sections,At least one Section required before publishing.,ერთი სექცია მაინც არის საჭირო სანამ გამოაქვეყნებთ.
458,ka.app.msgs.error_publish_missing_content_section,All Text Sections must have content in it.,ამბის გამოქვეყნებისთვის აუცილებელია სულ მცირე ერთი სექცია.
459,ka.app.msgs.error_publish_missing_translations,The story must be completely translated in %{lang} in order to be published.,ამბავი უნდა იყოს სრულად ნათარბმნი %{lang} ენაზე სანამ გამოაქვეყნებთ.
460,ka.app.msgs.error_unpublish,%{obj} wasn't unpublished: %{err},%{obj} გამოქვეყნება გაუქმებულია: %{err}
461,ka.app.msgs.error_clone,%{obj} wasn't cloned.,%{obj} კლონირება ვერ გაკეთდა.
462,ka.app.msgs.error_clone_notification,Error occurred while cloning story: %{msg},დაფიქსირდა შეცდომა შემდეგი ამბის კლონირების დროს: %{msg}
463,ka.app.msgs.error_export,Story can't be downloaded.,ამბის ჩამოტვირთვა შეუძლებელია
464,ka.app.msgs.error_get_data,The selected item could not be found,არჩეული ერთეული ვერ მოიძებნა
465,ka.app.msgs.select_section,Please select a Section first in order to add an Item,"ერთეულის დამატებამდე, გთხოვთ, აირჩიოთ სექცია"
466,ka.app.msgs.staff_pick,The story has been selected as a Staff Pick,ამბავი რჩეულში იქნა დამატებული
467,ka.app.msgs.staff_unpick,The story has been unselected as a Staff Pick,ამბავი დაემატა რჩეულებს
468,ka.app.msgs.success_settings,Your settings were successfully updated.,თქვენი პარამეტრები წარმატებით განახლდა.
469,ka.app.msgs.success_remove_avatar,Your Facebook avatar is now being used.,პროფილის სურათად თქვენი გვერდის Facebook-ის პროფილის სურათია გამოყენებული.
470,ka.app.msgs.nickname_duplicate,This user URL already exists.,მომხმარებელი ამ ბმულით უკვე არსებობს.
471,ka.app.msgs.nickname_url,Your URL will be:,თქვენი მომხმარებლის ბმული იქნება:
472,ka.app.msgs.story_duplicate,This story URL already exists.,ამ ამბის ბმული უკვე არსებობს.
473,ka.app.msgs.story_url,Story URL will be:,ამ ამბის ბმული იქნება:
474,ka.app.msgs.update_translations,Don't forget to translate this new item!,Don't forget to translate this new item!
475,ka.app.msgs.invitation.accepted,You have accepted the invitation to collaborate on '%{title}',თქვენ დათანხმდით თანაავტორობის მოწვევას შემდეგ ამბავზე: '%{title}'
476,ka.app.msgs.invitation.accepted_already,You have already accepted the invitation to collaborate on '%{title}',თქვენ უკვე დათანხმდით თანაავტორობის მოწვევას შემდეგ ამბავზე: '%{title}'
477,ka.app.msgs.invitation.bad,"Sorry, your invitation could not be found or the story has been deleted.","უკაცრავად, თქვენი მოწვევა ვერ მოიძებნა ან ამბავი არის წაშლილი."
478,ka.app.msgs.invitation.declined,Your invitation was declined,თქვენი მოწვევა გაუქმებულია
479,ka.app.msgs.one_section.content,Only one Item can be added to a Text section,ტექსტურ სექციაში მხოლოდ ერთი ერთეულის დამატებაა შესაძლებელი
480,ka.app.msgs.one_section.slideshow,Only one Item can be added to an Image Slideshow section,ფოტო სლაიდშოუს სექციაში მხოლოდ ერთი ერთეულის დამატებაა შესაძლებელი
481,ka.app.msgs.one_section.embed_media,Only one Item can be added to an Embed Online Media section,ონლაინ აუდიო/ვიდეო სექციაში მხოლოდ ერთი ერთეულის დამატებაა შესაძლებელი
482,ka.app.msgs.one_section.youtube,Only one Item can be added to a YouTube section,მხოლოდ ერთი თემის დამატება არის შესაძლებელი YouTube-ის სექციაში
483,ka.app.msgs.one_section.general,Only one Item can be added to this type of section,მხოლოდ ერთი თემის დამატება არის შესაძლებელი ამ ტიპის სექციაში
484,ka.app.msgs.destroy_story.success,Story was successfully deleted.,ამბავი წაიშალა.
485,ka.app.msgs.destroy_story.error,Error occurred while deleting the story: %{err},ამბის წაშლისას დაფიქსირდა ხარვეზი: %{err}
486,ka.app.msgs.destroy_item.success,Item was successfully deleted.,ერთეული წაიშალა.
487,ka.app.msgs.destroy_item.error,Error occurred while deleting the item: %{err},ერთეულის წაშლისას დაფიქსირდა ხარვეზი: %{err}
488,ka.app.msgs.destroy_item.error_not_found,Item could not be found to delete.,წასაშლელი ერთეული ვერ მოიძებნა.
489,ka.app.msgs.embed_code,Copy and paste this embed code into your web page,დააკოპირეთ და ჩასვით ბმული თქვენს ვებგვერდზე
490,ka.app.msgs.collaborators.success_remove,%{name} was removed as a collaborator,%{name} წაიშალა თანაავტორთა სიიდან
491,ka.app.msgs.collaborators.user_not_found,User to remove as a collaborator could not be found,"მომხმარებელი ვერ მოიძებნა, რათა წაშლილიყო თანაავტორთა სიიდან"
492,ka.app.msgs.collaborators.no_permission,You do not have permission to remove this collaborator,"თქვენ არ გაქვთ უფლება, წაშალოთ ეს მომხმარებელი თანაავტორთა სიიდან"
493,ka.app.msgs.collaborators.success_invitations,Invitations were sent!,მოწვევები გაგზავნილია!
494,ka.app.msgs.collaborators.error_invitations_all,No invitations were sent due to the following erros: %{msg},მოწვევები ვერ გაიგზავნა შემდეგი ხარვეზის გამო: %{msg}
495,ka.app.msgs.collaborators.error_invitations_some,"Some invitations were sent, but some were not due to the following erros: %{msg}",ზოგიერთი მოწვევა ვერ გაიგზავნა შემდეგი ხარვეზის გამო: %{msg}
496,ka.app.msgs.notification.true,You will be sent notifications.,თქვენ მიიღებთ შეტყობინებებს.
497,ka.app.msgs.notification.false,You will not be sent notifications.,თქვენ არ მიიღებთ შეტყობინებებს.
498,ka.app.msgs.notification.new_theme_all_success,You will recieve a notification whenever a theme is added.,"თქვენ მიიღებთ შეტყობინებას, როცა თემა იქნება დამატებული."
499,ka.app.msgs.notification.new_theme_none_success,You will not receive any notifications when themes are added.,"თქვენ არ მიიღებთ შეტყობინებას, როცა თემა იქნება დამატებული."
500,ka.app.msgs.notification.new_story_by_type_success,You will receive a notification when a story is added to these types: %{types}.,"თქვენ მიიღებთ შეტყობინებას, როცა ახალი ამბავი დაემატება შემდებ ტიპებს: %{types}."
501,ka.app.msgs.notification.story_comments_yes,You will be sent notifications when a comment is made to one of your stories.,"თქვენ მიიღებთ შეტყობინებას, როდესაც თქვენს ამბავზე გააკეთებენ კომენტარს."
502,ka.app.msgs.notification.story_comments_no,You will not be sent notifications when a comment is made to one of your stories.,"თქვენ არ მიიღებთ შეტყობინებას, როდესაც თქვენს ამბავზე დატოვებენ კომენტარს."
503,ka.app.msgs.notification.following_no,You will no longer receive notifications about new stories from '%{name}'.,თქვენ აღარ მიიღებთ შეტყობინებებს '%{nickname}ის' ახალი ისტორიების შესახებ.
504,ka.app.msgs.notification.language,You will be sent notifications in %{language}.,თქვენ მიიღებთ შეტყობინებას %{language} ენაზე.
505,ka.app.msgs.fail_change_order,The item was not able to be moved,ერთეულის ადგილი ვერ შეიცვალა
506,ka.app.msgs.nothing_selected,Please select a section/item to delete,"გთხოვთ, აირჩიოთ სექცია/ერთეული წასაშლელად"
507,ka.app.msgs.fail_delete,The section/item could not be deleted,სექცია/ერთეული ვერ წაიშალა
508,ka.app.msgs.confirm_delete,Are you sure you want to delete this section/item?,"დარწმუნებული ხართ, რომ გინდათ ამ სექციის/ერთეულის წაშლა?"
509,ka.app.msgs.confirm_publish,Are you sure you want to publish story?,Are you sure you want to publish story?
510,ka.app.msgs.video_processed,Your video is processed,თქვენი ვიდეო დამუშავებულია
511,ka.app.msgs.video_not_processed,Your video is being processed,თქვენი ვიდეო დამუშავების პროცესშია
512,ka.app.msgs.not_found_for_update,The record to update could not be found in the database.,მასალა რედაქტირებისთვის არ მოიძებნა.
513,ka.section_types.content.name,Text,ტექსტი
514,ka.section_types.content.description,"Can include html, css styling and images","შეიძლება შედგებოდეს html-ისგან, css სტილისგან და ფოტოებისგან"
515,ka.section_types.media.name,Full-Screen Media Slideshow,მთელ ეკრანზე გაშლილი მედია სლაიდშოუ
516,ka.section_types.media.description,Images and/or videos as a full-screen vertical slideshow,"ფოტოები და/ან ვიდეოები განთავსებული, როგორც სრულ ეკრანზე გაშლილი ვერტიკალური სლაიდშოუ"
517,ka.section_types.slideshow.name,Image Slideshow,ფოტო სლაიდშოუ
518,ka.section_types.slideshow.description,Images in a horizontal slideshow,ფოტოები ჰორიზონტალურ სლაიდშოუში
519,ka.section_types.embed_media.name,Embed Online Media,ონლაინ აუდიო/ვიდეო ჩასმა
520,ka.section_types.embed_media.description,"YouTube, Vimeo, etc","YouTube, Vimeo, და ა.შ."
521,ka.section_types.youtube.name,YouTube Video,YouTube Video
522,ka.section_types.youtube.description,YouTube video with ability to setting caption language,YouTube-ის ვედეო წარწერის დამატების შესაძლებლობით
523,ka.section_types.infographic.name,Infographic,Infographic
524,ka.section_types.infographic.description,"Infographic, interactive, or factoids with ability to add datasets and data sources","Infographic, interactive, or factoids with ability to add datasets and data sources"
525,ka.story_role.editor,Editor,რედაქტირება
526,ka.story_role.translator,Translator,თარგმნა
527,ka.message_types.bug,Report a Bug,გვაცნობეთ შეცდომის შესახებ
528,ka.message_types.feature,Request a Feature,მოითხოვეთ ახალი ფუნქციის დამატება
529,ka.message_types.feedback,General Feedback,გაგვიზიარეთ თქვენი აზრი
530,ka.filters.all,All,ყველა
531,ka.filters.matches,Matches,მსგავსი ამბები
532,ka.filters.staff_pick,Staff Pick,რჩეული
533,ka.filters.staff_pick_title,View stories that have been selected as Staff Picks,იხილეთ რჩეული ამბები
534,ka.filters.staff_pick_title_active,Remove Staff Pick filter,რჩეულის ფილტრის გაუქმება
535,ka.filters.sort_header,Sorted By,დალაგება
536,ka.filters.sort_title,Indicate how the stories should be sorted,როგორ გსურთ ამბების დალაგება?
537,ka.filters.filters,Filters,ფილტრი
538,ka.filters.all_stories,All Stories,ყველა ამბავი
539,ka.filters.sort.recent,Recent,ბოლო
540,ka.filters.sort.reads,Views,ნახვა
541,ka.filters.sort.likes,Likes,მოწონება
542,ka.filters.category_header,Category,კატეგორია
543,ka.filters.category_title,View stories that belong to a category,იხილეთ ამბები კატეგორიიდან
544,ka.filters.theme_header,Theme,თემა
545,ka.filters.theme_title,View stories that belong to a theme,ამ თემის ამბებოს ნახვა
546,ka.filters.language_header,Language,ენა
547,ka.filters.language_title,View stories that are written in a particular language,იხილეთ ამბები ამ ენაზე:
548,ka.filters.search,Find a Story,ამბის მოძებნა
549,ka.filters.following,Following,თვალყურის დევნება
550,ka.filters.following_title,View stories of users that you are following,"ნახეთ იმ მომხმარებლების ამბები, რომელთაც თქვენ თვალყურს ადევნებთ"
551,ka.filters.following_title_active,Remove Following filter,თვალყურის დევნების ფილტრის გაუქმება
552,ka.filters.not_published,Not Published,არ არის გამოქვეყნებული
553,ka.filters.not_published_title,View stories that are not published,ნახეთ გამოუქვეყნებელი ამბები
554,ka.filters.not_published_title_active,Show all stories,ნახეთ ყველა ამბავი
555,ka.tokeninput.searchingText,Searching...,ძიება...
556,ka.tokeninput.tag.hintText,Search for an existing tag or enter a new tag,თეგის ძიება ან ახალი თეგის დამატება
557,ka.tokeninput.tag.noResultsText,No matches found. Press 'Enter' to save this new tag.,"მსგავსება არ არის აღმოჩენილი. დააჭირეთ 'შეყვანას', რომ დაამატოთ თეგი."
558,ka.tokeninput.collaborator.hintText,Search for an existing user or enter the email address for a new user,"მოძებნეთ უკვე არსებული მომხმარებელი ან შეიყვანეთ ელ. ფოსტის მისამართი, რათა დაამატოთ ახალი მომხმარებელი"
559,ka.tokeninput.collaborator.noResultsText,No matches found. Press 'Enter' to add this email address to the list of invited collaborators.,"მსგავსება არ მოიძებნა. დააჭირეთ 'შეყვანას', რომ დაამატოთ ეს ელ. ფოსტის მისამართი თანაავტორთა სიაში."
560,ka.layouts.application.copyright,Copyright,საავტორო უფლება
561,ka.layouts.application.copyright_text,Copyright of these reports belongs to the Chai-Khana NGO. Any republishing of materials is not allowed without the prior consent of Chai-Khana.,"ამ მასალაზე საავტორო უფლებას ფლობს არასამთავრობო ორგანიზაცია ""ჩაი ხანა"". მისი ხელახალი გამოქვეყნება ""ჩაი ხანასთან"" შეთანხმების გარეშე არ შეიძლება."
562,ka.layouts.application.disclaimer,Disclaimer,განაცხადი
563,ka.layouts.application.disclaimer_text,"This publication has been produced with the assistance of MYMEDIA, a DANIDA funded project. The content of this publication is the sole responsibility of the author/contractor/implementing partner/international organisation and can in no way be taken to reflect the official opinion of MYMEDIA / DANIDA.",ეს ვებგვერდი მომზადდა DANIDA-ას ფონდის მიერ დაფინანსებულ პროექტ MYMEDIA-ს დახმარებით. პუბლიკაციის შინაარსზე პასუხისმგებლობას იღებს ავტორი/კონტრაქტორი/განმახორციებელი პარტნიორი/პარტნიორი საერთაშორისო ორგანიზაცია და არანაირად არ ასახავს MYMEDIA/DANIDA-ს ოფიციალურ აზრის.
564,ka.layouts.unsupported_browser.title,Unsupported Browser,არასათანადო ბრაუზერი
565,ka.layouts.unsupported_browser.video,Your browser does not support this video.,თქვენ ბრაუზერს ვიდეოს მხარდაჭერა არ აქვს
566,ka.layouts.unsupported_browser.p1,We are sorry to report that your browser is out of date and will not properly render the content from this website.,"სამწუხაროდ, თქვენი ინტერნეტ ბრაუზერის მოხმარების ვადა გასულია და ვერ მოხდება ვებ-გვერდთან სრულად დაკავშირება."
567,ka.layouts.unsupported_browser.p2,"On the bright side, there are several free browsers that you can download that are compatible with this site.","არსებობს რამდენიმე უფასო ბრაუზერი, რომელთა გადმოწერის შემდეგ შეძლებთ ვებ-გვერდით სარგებლობას."
568,ka.layouts.unsupported_browser.chrome,Chrome,Chrome
569,ka.layouts.unsupported_browser.firefox,Firefox,Firefox
570,ka.layouts.unsupported_browser.ie,Internet Explorer (Windows only),Internet Explorer (მხოლოდ Windows-ზე)
571,ka.layouts.unsupported_browser.opera,Opera,Opera
572,ka.layouts.unsupported_browser.Safari,Safari,Safari
573,ka.layouts.unsupported_browser.admin,Admin,ადმინისტრატორი
574,ka.layouts.unsupported_browser.sign_out,Sign Out,გასვლა
575,ka.layouts.unsupported_browser.js_link_title,JumpStart Georgia - We communicate data better!,ჯამპსტარტ ჯორჯია - ჩვენ გაწვდით ინფორმაციას უკეთ!
576,ka.layouts.unsupported_browser.js_link_text,Built by,შექმნილია
577,ka.layouts.storybuilder.source,Source,წყარო
578,ka.layouts.storybuilder.target,Target,მიზანი
579,ka.layouts.storybuilder.copy_paste,Copy from source,წყაროდან დაკოპირება
580,ka.shared.grid.no_stories,Oh no - no stories could be found!,სამწუხაროდ არ მოიძებნა არცერთი ამბავი!
581,ka.shared.story_nav_modals.copy,Copy To Clipboard...,კოპირება
582,ka.shared.story_nav_modals.copied,Copied!,დაკოპირებულია!
583,ka.admin.index.title,Administration Section,ადმინისტრატორის განყოფილება
584,ka.admin.index.users,Users,მომხმარებლები
585,ka.admin.users.edit.title,Editing User,ცვლილებების შეტანა მომხმარებლის გვერდზე
586,ka.admin.users.index.title,Users,მომხმარებლები
587,ka.admin.users.new.title,New User,ახალი მომხმარებელი
588,ka.admin.users.show.title,User Details,მომხმარებლის დეტალები
589,ka.admin.themes.form.header_features,Features,Features
590,ka.admin.themes.form.header_add_story,Select Story to be Feature,Select Story to be Feature
591,ka.admin.themes.form.header_current_features,Featured Stories In the Order They Will Appear,Featured Stories In the Order They Will Appear
592,ka.admin.themes.form.no_stories,No stories have been assigned to this theme yet.,No stories have been assigned to this theme yet.
593,ka.admin.themes.form.no_features,No stories have been selected to be features.,No stories have been selected to be features.
594,ka.root.about.title,About Chai Khana,“ჩაი ხანას” შესახებ
595,ka.root.embed.home_link,Built on Chai Khana,შექმნილია “სთორიბილდერზე”
596,ka.stories.new.title,Story Settings Form,პარამეტრების ფორმა
597,ka.stories.edit.title,Story Settings Form,პარამეტრების ფორმა
598,ka.stories.form.placeholder.title,Title of Story,ამბის სათაური
599,ka.stories.form.placeholder.permalink,URL to the story,ამბის ბმული
600,ka.stories.form.placeholder.author,Author(s) of the article,სტატიის ავტორ(ებ)ი
601,ka.stories.form.placeholder.media_author,Author(s) of photos and/or videos,ფოტოსა და/ან ვიდეოს ავტორ(ებ)ი
602,ka.stories.form.placeholder.translation_author,Author(s) that translated the story into this language,"ავტორი, რომელმაც თარგმნა ეს ამბავი"
603,ka.stories.form.hint.title,Story title will appear at the top of your story,ამბის სათაური გამოჩნდება ამბის საწყის გვერდზე
604,ka.stories.form.hint.permalink,"The default URL is the title of the story, but you can change it if desired","ავტომატური ბმული შეიცავს ამბის სათაურს, თუმცა, სურვილისამებრ, შეგიძლიათ შეცვალოთ იგი"
605,ka.stories.form.hint.author,Select the author(s) of the story to allow the story to appear on their webpage.,"აირჩიეთ ავტორი, რათა ეს ამბავი მის გვერდზე გამოჩნდეს"
606,ka.stories.form.hint.media_author,Author names will appear below the Story Author names,ფოტოს/ვიდეოს ავტორ(ებ)ის სახელები გამოჩნდება ავტორ(ებ)ის სახელების ქვემოთ
607,ka.stories.form.hint.translation_author,Author names will appear below the Photo and Video Author names,ავტორის სახელი გამოჩნდება ფოტოსა და ვიდეოს ქვემოთ
608,ka.stories.form.hint.published,Published stories are available for the world to view,გამოქვეყნებული ამბების ნახვა ყველას შეუძლია
609,ka.stories.form.hint.publish_home_page,"If checked, your published story will appear on the site's homepage","თუ მონიშნავთ, თქვენ მიერ გამოქვეყნებული ამბავი გამოჩნდება საიტის საწყის გვერდზე"
610,ka.stories.form.hint.template,Choose template to apply styling to story,აირჩიეთ შაბლონი ამბის სტილის შესარჩევად
611,ka.stories.form.hint.thumbnail,Image that is used to show the story on the home page when the story is published (jpg and png only; 4MB file size limit),"გამოსახულება, რომელიც გამოჩნდება საწყის გვერდზე, ამბის გამოქვეყნების შემდეგ (მხოლოდ jpg და png ფორმატი; ფაილის მაქსიმალური ზომა 4MB)"
612,ka.stories.form.hint.editor,Person that created the story record in this website,"მომხმარებელი, რომელმაც შექმნა ამბის ჩანაწერი სისტემაში"
613,ka.stories.form.hint.editors,Select people that you want to give access to edit the story,"მონიშნეთ ადამიანები, რომლებსაც შეეძლებათ გამოქვეყნებამდე ამბის რედაქტირება"
614,ka.stories.form.hint.about,Short summary of story that will be used on the home page and when you story is shared,"ამბის მოკლე შინაარსი, რომელიც გამოჩნდება საწყის გვერდზე, როდესაც თქვენი ამბავი გამოქვეყნდება"
615,ka.stories.form.hint.locale,Select the language of your story. Allows users to filter stories by a language.,"მიუთითეთ ამბის ენა. ეს საშუალებას მისცემს მომხმარებლებს, მოიძიონ ამბავი ენის მიხედვით."
616,ka.stories.form.hint.categories,Select the category(s) your story belongs to. Allows users to filter stories by a category.,"აირჩიეთ, რომელ კატეგორიას განეკუთვნება თქვენი ამბავი. ეს საშუალებას მისცემს მომხმარებლებს, მოიძიონ ამბავი კატეგორიის მიხედვით."
617,ka.stories.form.hint.tag_list,"Enter text to find existing tags. If your tag does not exist yet, press 'Enter' to add the new tag to the list.","შეიყვანეთ ტექსტი, რომ იპოვოთ არსებული თეგი. თუ თქვენი თეგი ჯერ არ არსებობს, დააჭირეთ 'შეყვანას' და დაამატეთ იგი."
618,ka.stories.form.hint.story_type,Select the type of your story.,აირჩიეტ ამბის ტიპი
619,ka.stories.form.hint.theme,Select the theme(s) your story belongs to.,"აირჩიეთ თემა, რომელსაც თქვენი ამბავი განეკუთვნება"
620,ka.stories.form.hint.in_theme_slider,"If checked, this story will appear in the slider at the top of the theme page.","თუ მონიშნავთ ეს ამბავი გამოჩნდება სლაიდერში, თემის გვერდის ზედა ნაწილში"
621,ka.stories.collaborators.title,Collaborators for '%{title}',ამბის '%{title}' თანაავტორები
622,ka.stories.collaborators.owner_header,Story Author,ამბის ავტორი
623,ka.stories.collaborators.collaborators_header,Story Collaborators,ამბის თანაავტორები
624,ka.stories.collaborators.explanation,A story collaborator is someone that has access to edit this story.,თანაავტორებს შეუძლიათ ამბის რედაქტირება
625,ka.stories.collaborators.editors_header,Editors,რედაქტორები
626,ka.stories.collaborators.editor_explanation,An Editor has access to add/edit the story and translate the story into any language. An Editor can also add collaborators and publish the story.,რედაქტორს აქვს უფლება დაამატოს/დაარედაქტიროს ამბავი და თარგმნოს იგი სხვადასხვა ენაზე. რედაქტორს ასევე შეუძლია დაამატოს თანაავტორი და გამოაქვეყნოს ამბავი.
627,ka.stories.collaborators.translators_header,Translators,მთარგმნელები
628,ka.stories.collaborators.translator_explanation,"A Translator has access to translate the story into a specific language(s). A Translator does not have the ability to edit the original story, add collaborators or publish the story.","მთარმგნელს აქვს წვდომა თარქმნოს ამავი სხვადასხვა ენაზე. მას არ აქვს ამბის რედაქტირების, თანაავტორის დამატების ან ამბის გამოქვეყნების შესაძლებლობა."
629,ka.stories.collaborators.remove_title,Remove %{name},%{name}-ის ამოშლა
630,ka.stories.collaborators.not_accepted_title,%{name} has not accepted the invitation yet,%{name}-ს ჯერ არ უპასუხია მოწვევაზე
631,ka.stories.collaborators.add_header,Add Collaborators,თანაავტორების დამატება
632,ka.stories.collaborators.add_explanation,"For the users you enter below, an email will be sent inviting them to be a collaborator on this story.","თქვენ მიერ მითითებულ მომხმარებლებს გაეგზავნებათ მოსაწვევები, რათა მონაწილეობა მიიღონ თქვენთან ერთდ ამ ამბის შექმნაში."
633,ka.stories.collaborators.editor_label,Enter the names or email addresses of the editors,შეიყვანეთ რედაქტორების სახელები ან საფოსტო მისამართები
634,ka.stories.collaborators.language_label,Select the translation language(s),შეიყვანეთ თარგმანის ენა
635,ka.stories.collaborators.translator_label,Enter the name or email address of the translator,შეიყვანეთ მთარგმნელის სახელი ან საფოსტო მისამართი
636,ka.stories.collaborators.translator_add,Add Another Translator,სხვა მთარგმნელის დამატება
637,ka.stories.collaborators.translator_remove,Remove Translator,მთარგმნელის წაშლა
638,ka.stories.collaborators.message,Add Message to Notification (optional),შეტყობინებისთვის გზავნილის დამატება (არ არის სავალდებულო)
639,ka.stories.collaborators.submit,Send Collaboration Invitation,თანაავტორობის მოსაწვევის გაგზავნა
640,ka.stories.media.form_title,Full-Screen Media Slideshow Form,მთელ ეკრანზე გაშლილი მედია სლაიდშოუ
641,ka.stories.media.left,Left,მარცხნივ
642,ka.stories.media.center,Center,ცენტრში
643,ka.stories.media.right,Right,მარჯვნივ
644,ka.stories.media.image,Image,გამოსახულება
645,ka.stories.media.video,Video,ვიდეო
646,ka.stories.media.floating,Floating,მოსიარულე
647,ka.stories.media.fixed,Fixed,ფიქსირებული
648,ka.stories.media.placeholder.title,Media title,მედიაფაილის სათაური
649,ka.stories.media.placeholder.caption,Caption text,წარწერა
650,ka.stories.media.placeholder.source,Source of the image/video,ფოტოს/ვიდეოს წყარო
651,ka.stories.media.hint.title,"This text only appears in the left sidebar, it will not show up in the story","ეს ტექსტი გამოჩნდება მხოლოდ მარცხენა პანელში, და არა თვითონ ამბავში"
652,ka.stories.media.hint.media_type,"For videos, an image is necessary because videos are not loaded on mobile devices.","ვიდეოსთვის ფოტო აუცილებელია, რადგან ვიდეო არ იტვირთება მობილურ ტელეფონებზე"
653,ka.stories.media.hint.caption,"Caption text will appear on top of the image/video. If this is the first item in the story, the caption text is hidden.","წარწერა გამოჩნდება გამოსახულებაზე/ვიდეოზე. თუ ეს ფოტო/ვიდეო ამბის პირველი სექციაა, წარწერა არ გამოჩნდება."
654,ka.stories.media.hint.source,"Source of the image/video, appears in the bottom-right corner","ფოტოს/ვიდეოს წყარო, გამოჩნდება ქვედა მარჯვენა კუთხეში"
655,ka.stories.media.hint.image,Only jpg format allowed; 4MB file size limit,დასაშვებია მხოლოდ jpg ფორმატი; ფაილის მაქსიმალური ზომა 4MB
656,ka.stories.media.hint.video,"Only mp4, mov, webm, ogv, flv, avi and wmv formats accepted; 25MB file size limit. After videos are uploaded they must be processed before they are available for viewing. You will receive a notification when the processing is complete, typically within a few minutes.","დასაშვებია mp4, mov, webm, ogv, flv, avi და wmv ფორმატები; ფაილის მაქსიმალური ზომა 25MB. ატვირთვის შემდეგ, სანამ ვიდეო ამბავს დაემატება, საჭიროა მათი დამუშავება, რაც, ჩვეულებრივ, რამდენიმე წუთს გრძელდება. როდესაც ვიდეოს დამუშავება დასრულდება, თქვენ მიიღებთ შეტყობინებას."
657,ka.stories.media.hint.caption_align,The Caption text will appear on top of the image/video (appears on the left by default),"წარწერა გამოჩნდება სურათზე/ვიდეოზე (ტექსტის ავტომატური მდებარეობა მარცხენა მხარეა, რისი შეცვლაც შეგიძლიათ)"
658,ka.stories.media.hint.infobox_type,The Caption text can float on top of the image/video or can be fixed at the bottom of the image/video,"ამ ტექსტს შეუძლია ფოტოზე/ვიდეოზე ზემოდან იმოძრაოს, ან იყოს დაფიქსირებული ფოტოს/ვიდეოს ქვედა ნაწილში"
659,ka.stories.media.hint.video_loop,"If checked, the video will loop infinitly, otherwise the video will not loop","თუ მონიშნავთ, ვიდეო განმეორდება უსასრულოდ, სხვა შემთხვევაში ვიდეო არ განმეორდება"
660,ka.stories.section.form_title,Section Form,სექციის ფორმა
661,ka.stories.section.yes,Yes,კი
662,ka.stories.section.no,No,არა
663,ka.stories.section.placeholder.title,Section title,სექციის სათაური
664,ka.stories.section.hint.title,"This text appears in the left sidebar and, if Navigation Shortcut is selected, will appear as the title text for the shortcut","ეს ტექსტი გამოჩნდება მარცხენა განყოფილებაში და, თუ ეს თავი გამოყოფილია, გამოჩნდება ამ თავის სათაურად"
665,ka.stories.section.hint.type,Selecting this type determines what kind of information you can add into this section,"ამ ტიპის არჩევა განსაზღვრავს იმას, თუ რა სახის ინფორმაციის დამატება შეგეძლებათ ამ სექციაში"
666,ka.stories.section.hint.has_marker,"If checked, there will be a navigation shortcut link to go to this section","თუ მონიშნავთ, ეს სექცია გამოიყოფა და შესაძლებელი იქნება მასზე ცალკე ბმულით გადასვლა"
667,ka.stories.section.hint.audio,Background audio to play while this section is in view (mp3 format only; 10mb file size limit),მუსიკალური გაფორმება ამ სექციისთვის (დასაშვებია მხოლოდ mp3 ფორმატი; ფაილის მაქსიმალური ზომა 10MB)
668,ka.stories.section.hint.delete_audio,"If checked, the Audio Track will be deleted","თუ მონიშნავთ, აუდიო ფაილი წაიშლება"
669,ka.stories.content.form_title,Text Form,ტექსტის ფორმა
670,ka.stories.content.placeholder.title,Text title,ტექსტის სათაური
671,ka.stories.content.placeholder.caption,optional,არ არის სავალდებულო
672,ka.stories.content.placeholder.sub_caption,optional,არ არის სავალდებულო
673,ka.stories.content.hint.title,"This text only appears in the left sidebar, it will not show up in the story","ეს ტექსტი გამოჩნდება მხოლოდ მარცხენა პანელში, და არა თვითონ ამბავში"
674,ka.stories.content.hint.caption,Heading of text will appear at the top of the section,კონტენტის სათაური გამოჩნდება სექციის ზემოთ
675,ka.stories.content.hint.sub_caption,Subheading of text will appear below the Heading,ტექსტის ქვესათური გამოჩნდება ტექსტის სათაურის ქვემოთ
676,ka.stories.content.hint.content,"Text can include html, css styling and images","ტექსტი შეიძლება შეიცავდეს html, css სტილს და ფოტოს"
677,ka.stories.reviewer_key.title,Private URL,ბმული ამბის სანახავად
678,ka.stories.reviewer_key.desc,"You can copy and share the following URL with whomever you want to review '%{title}' before it is published. These people will have the ability to read your story, but not edit it.","თქვენ შეგიძლიათ დააკოპიროთ და გაუზიაროთ ეს ბმული ადამიანებს, ვისაც შეეძლებათ ამბის '%{title}' ნახვა მის გამოქვეყნებამდე. ამ ბმულით შესაძლებელია მხოლოდ ამბის ნახვა და არა მისი რედაქტირება."
679,ka.stories.slideshow.form_title,Image Slideshow Form,გამოსახულების სლაიდშოუს ფორმა
680,ka.stories.slideshow.add_image,Add Image,გამოსახულების დამატება
681,ka.stories.slideshow.placeholder.title,Slideshow Title,სლაიდშოუს სათაური
682,ka.stories.slideshow.placeholder.caption,optional,არ არის სავალდებულო
683,ka.stories.slideshow.hint.title,"This text only appears in the left sidebar, it will not show up in the story","ეს ტექსტი გამოჩნდება მხოლოდ მარცხენა პანელში, და არა თვითონ ამბავში"
684,ka.stories.slideshow.hint.caption,Heading will appear at the top of the slideshow,წარწერა გამოჩნდება სლაიდშოუს ზედა ნაწილში
685,ka.stories.slideshow.hint.description,The description will appear below the slideshow,არღწერა გამოჩნდება სლაიდშოუს ქვემოთ
686,ka.stories.asset_file_fields.remove_image,Remove,წაშლა
687,ka.stories.asset_file_fields.placeholder.caption,optional,არ არის სავალდებულო
688,ka.stories.asset_file_fields.placeholder.source,optional,არ არის სავალდებულო
689,ka.stories.asset_file_fields.hint.caption,Image Description will appear below the image,სურათის აღწერა გამოჩნდება სურათის ქვემოთ
690,ka.stories.asset_file_fields.hint.source,Source will appear below the Image Description,წყარო გამოჩნდება სურათის აღწერის ქვემოთ
691,ka.stories.asset_file_fields.hint.asset,Only jpg and png format allowed; 4MB file size limit,მხოლოდ jpg და png ფორმატია დასაშვები; ფაილის მაქსიმალური ზომა 4MB
692,ka.stories.asset_file_fields.label.caption,Image Description,სურათის აღწერა
693,ka.stories.asset_file_fields.label.source,Image Source,სურათის წყარო
694,ka.stories.embed_media.form_title,Embed Online Media Form,ჩასასმელი ონლაინ აუდიო/ვიდეო ფაილის ფორმა
695,ka.stories.embed_media.get_media,Get Online Media,ონლაინ აუდიო/ვიდეო ფაილის ჩასმა
696,ka.stories.embed_media.preview,Preview of Online Media,ონლაინ აუდიო/ვიდეო ფაილის ნახვა
697,ka.stories.embed_media.error,The URL could not be processed. Please try again.,"ბმული ვერ დამუშავდა. გთხოვთ, კიდევ სცადეთ."
698,ka.stories.embed_media.placeholder.title,Embed Online Media Title,ონლაინ აუდიო/ვიდეო ფაილის სათაური
699,ka.stories.embed_media.placeholder.url,Url to online media,ონლაინ აუდიო/ვიდეო ფაილის ბმული
700,ka.stories.embed_media.hint.title,"This text only appears in the left sidebar, it will not show up in the story","ეს ტექსტი გამოჩნდება მხოლოდ მარცხენა პანელში, და არა თვითონ ამბავში"
701,ka.stories.embed_media.hint.url,"The following sites can be used for embeding online media: AUDIO: Soundcloud, Spotify; VIDEO: YouTube, Vimeo, Twitch.TV, Dotsub, Dailymotion, LiveLeak, Vine, TED","ჩასასმელი ონლაინ აუდიო/ვიდეო ფაილისთვის შეგიძლიათ გამოიყენოთ შემდეგი საიტები: აუდიო: Soundcloud, Spotify; ვიდეო: YouTube, Vimeo, Twitch.TV, Dotsub, Dailymotion, LiveLeak, Vine, TED"
702,ka.stories.youtube.form_title,YouTube Video Form,YouTube ვიდეოს ფორმა
703,ka.stories.youtube.get_media,Get Youtube Video,მიიღეთ თქვენი Youtube ვიდეო
704,ka.stories.youtube.preview,Preview of YouTube Video,YouTube ვიდეოს წინასწარი ნახვა
705,ka.stories.youtube.error,The URL could not be processed. Please try again.,URL-ი ვერ დამუშავდა. გთხოვთ სცადოთ ხელახლა.
706,ka.stories.youtube.generate_iframe.missing_api_key,value can't be generated due to missing API key.,value can't be generated due to missing API key.
707,ka.stories.youtube.generate_iframe.error,is not valid.,is not valid.
708,ka.stories.youtube.placeholder.title,YouTube Title,YouTube სათაური
709,ka.stories.youtube.placeholder.url,Url to YouTube video,YouTube ვიდეოს Url
710,ka.stories.youtube.hint.title,"This text only appears in the left sidebar, it will not show up in the story","ეს ტექსტი გამოჩნდება მხოლოდ მარცხენა პანელში, და არა თვითონ ამბავში"
711,ka.stories.youtube.hint.url,Copy a YouTube URL and paste it here,დააკოპირეთ YouTube URL-ი და ჩასვით აქ
712,ka.stories.youtube.hint.fullscreen,"If checked, the video will take up the entire screen",თუ მონიშნულია ვიდეო დაიკავებს მთლიან ეკრანს
713,ka.stories.youtube.hint.loop,"If checked, the video will loop over and over",თუ მონიშნულია ვიდეო დასრულების თანავე ხელახლა ჩაიტვირთება
714,ka.stories.youtube.hint.info,"If checked, the title bar will be shown on top of the video",თუ მონიშნულია სათაურის ველი გამოჩნდება ვიდეოს ზედა ნაწილში
715,ka.stories.youtube.hint.cc,"If checked, the video subtitles will be shown by default",თუ მონიშნულია სუბტიტრები ავტომატურად გამოჩნდება
716,ka.stories.youtube.hint.menu_lang,Language of the YouTube menu/controls,YouTube მენიუს ენა
717,ka.stories.youtube.hint.cc_lang,Language of the subtitles to show by default,ავტომატური სუბტიტრების ენა
718,ka.stories.infographic.form_title,Infographic Form,Infographic Form
719,ka.stories.infographic.add_datasource,Add Data Source,Add Data Source
720,ka.stories.infographic.static,Static,Static
721,ka.stories.infographic.dynamic,Dynamic,Dynamic
722,ka.stories.infographic.inline,In Story,In Story
723,ka.stories.infographic.popup,Popup,Popup
724,ka.stories.infographic.label.dynamic_size,Infographic Dimensions in Width x Height,Infographic Dimensions in Width x Height
725,ka.stories.infographic.placeholder.title,Title,Title
726,ka.stories.infographic.placeholder.caption,optional,optional
727,ka.stories.infographic.placeholder.dataset_url,optional,optional
728,ka.stories.infographic.placeholder.dynamic_url,Interactive URL,Interactive URL
729,ka.stories.infographic.placeholder.dynamic_width,width,width
730,ka.stories.infographic.placeholder.dynamic_height,height,height
731,ka.stories.infographic.hint.title,"This text only appears in the left sidebar, it will not show up in the story","This text only appears in the left sidebar, it will not show up in the story"
732,ka.stories.infographic.hint.caption,"Heading of infographic will appear above the infographic image. If this Infographic Section is first in the story, you should leave this blank and use the Story Title field.","Heading of infographic will appear above the infographic image. If this Infographic Section is first in the story, you should leave this blank and use the Story Title field."
733,ka.stories.infographic.hint.description,"The description will appear below the infographic. If this Infographic Section is first in the story, the Story Summary will appear below the infographic image so if the Story Summary and Infographic Description are the same, you should leave this field blank.","The description will appear below the infographic. If this Infographic Section is first in the story, the Story Summary will appear below the infographic image so if the Story Summary and Infographic Description are the same, you should leave this field blank."
734,ka.stories.infographic.hint.image,Only jpg and png format allowed; 8MB file size limit,Only jpg and png format allowed; 8MB file size limit
735,ka.stories.infographic.hint.dataset_file,Please try to compress files to make for quicker download; 25MB file size limit,Please try to compress files to make for quicker download; 25MB file size limit
736,ka.stories.infographic.hint.dataset_url,URL to Dataset,URL to Dataset
737,ka.stories.infographic.hint.subtype,"Static infographics are images, Dynamic infographics require a URL.","Static infographics are images, Dynamic infographics require a URL."
738,ka.stories.infographic.hint.dynamic_url,URL to web page with interactive infographic,URL to web page with interactive infographic
739,ka.stories.infographic.hint.dynamic_size,Use these fields to indicate the space you want to reserve for showing this infographic. Leave the fields empty if you want the infographic to be fullscreen. The minimum value is 200.,Use these fields to indicate the space you want to reserve for showing this infographic. Leave the fields empty if you want the infographic to be fullscreen. The minimum value is 200.
740,ka.stories.infographic.hint.dynamic_render,The infographic can be rendered in the story or in a popup that appears after the user clicks on the infogaphic image in the story. Use the popup option if the infogaphic takes up the full screen or is very long.,The infographic can be rendered in the story or in a popup that appears after the user clicks on the infogaphic image in the story. Use the popup option if the infogaphic takes up the full screen or is very long.
741,ka.stories.infographic_datasource_fields.placeholder.url,optional,optional
742,ka.stories.infographic_datasource_fields.hint.name,Name of the data source,Name of the data source
743,ka.stories.infographic_datasource_fields.hint.url,URL to the online data source,URL to the online data source
744,ka.storyteller.byline,By,ავტორი
745,ka.storyteller.byline_media,Photos and videos by,ფოტოსა და ვიდეოს ავტორი
746,ka.storyteller.byline_translator,Translated by,თარგმნა
747,ka.storyteller.source,Source:,წყარო:
748,ka.storyteller.by,by,
749,ka.storyteller.related_stories,Related Stories,მსგავსი ამბები
750,ka.storyteller.view_all_stories_in,View all stories in,ყველა ამბის ნახვა
751,ka.storyteller.infographic.source,Data Source,მონაცემთა წყარო
752,ka.storyteller.infographic.dataset,Related Items,მასალები ამ თემაზე
753,ka.storyteller.infographic.download,Download File,ჩამოტვირთვა
754,ka.storyteller.infographic.online,View Data Online,მონაცემთა ნახვა ონლაინ
755,ka.settings.index.title,Settings,პარამეტრები
756,ka.settings.index.facebook_avatar,This is your avatar from Facebook.,ეს არის თქვენი პროფილის სურათი Facebook-იდან.
757,ka.settings.index.use_facebook_avatar,Use Facebook Avatar,გამოიყენეთ Facebook-ის პროფილის სურათი
758,ka.settings.index.hint.about,Short summary about yourself. This will be shown with the stories that you publish.,მოკლე ტექსტი თქვენ შესახებ. ეს გამოჩნდება თქვენ მიერ გამოქვეყნებულ ამბებთან ერთად.
759,ka.settings.index.hint.default_story_locale,Select the language you want to use by default when creating a new story.,"აირჩიეთ ენა, რომელსაც გამოიყენებთ ამბის შექმნისას."
760,ka.settings.index.submit,Save Settings,პარამეტრების შენახვა
761,ka.settings.invitations.title,Collaboration Invitations,თანაავტორების მოწვევა
762,ka.settings.invitations.no_invitations,At this time you have no invitations waiting for you.,ამ დროისთვის თქვენ არ გაქვთ ახალი მოწვევა თანაავტორობაზე.
763,ka.settings.invitations.accept_link,Accept,დათანხმება
764,ka.settings.invitations.decline_link,Decline,უარის თქმა
765,ka.settings.invitations.header_date,Date Sent,გაგზავნის თარიღი
766,ka.settings.invitations.header_story,Story Title,ამბის სათური
767,ka.settings.invitations.header_role,Role,როლი
768,ka.settings.invitations.header_from,Sent By,გამომგზავნი
769,ka.settings.notifications.title,Notifications,შეტყობინებები
770,ka.settings.notifications.explain,You can receive email notifications whenever new stories are published on Chai Khana! Simply sign in to subscribe.,"თქვენ შეგიძლიათ მიიღოთ ელექტორონული ფოსტის შეტყობინება, როცა ახალი ამბავი დაემატება ""ჩაი ხანას"" ვებგვერდზე! ამისთვის საჭიროა მონიშნოთ თვალყურის დევნის ღილაკი."
771,ka.settings.notifications.all_sub_title,All Notifications,ყველა შეტყობინება
772,ka.settings.notifications.all_label,Do you want to recieve any notifications from Chai Khana?,გსურთ მიიღოთ შეტყობინებები “Chai Khanaსგან”?
773,ka.settings.notifications.all_no,"No, do not send me any notifications.","არა, არ გამომიგზავნოთ შეტყობინებები."
774,ka.settings.notifications.all_yes,"Yes, I want notifications sent to me.","დიახ, მსურს შეტყობინებების მიღება."
775,ka.settings.notifications.story_comment_sub_title,New Story Comment Notifications,შეტყობინებები ამბის კომენტარებზე
776,ka.settings.notifications.story_comment_label,Do you want to recieve notifications when a comment is made to one of your stories?,"გსურთ მიიღოთ შეტყობინებები, როდესაც თქვენს ამბავზე დააკომენტარებენ?"
777,ka.settings.notifications.story_comment_no,"No, do not send me any notifications.","არა, არ გამომიგზავნოთ შეტყობინებები."
778,ka.settings.notifications.story_comment_yes,"Yes, I want notifications sent to me.","დიახ, მსურს შეტყობინებების მიღება."
779,ka.settings.notifications.new_themes_sub_title,New Theme Notifications,ახალი თემის შეტყობინება
780,ka.settings.notifications.new_themes_all,Notify me when any theme is added.,"შემატყობინეთ, როცა ახალი თემა იქნება დამატებული."
781,ka.settings.notifications.new_themes_none,I do not want to receive notifications when a new theme is added.,"არ მსურს მივიღო შეტყობინებები, როცა ახალი თემა იქნება დამატებული."
782,ka.settings.notifications.new_stories_by_category,Notify me when a story is added to:,"შემატყობინეთ, როდესაც ახალი ამბავი დაემატება შემდეგ კატეგორიას:"
783,ka.settings.notifications.language_sub_title,Notification Language,შეტყობინების ენა
784,ka.settings.notifications.language_label,In what language do you want to receive the notifications?,რა ენაზე გსურთ შეტყობინებების მიღება?
785,ka.settings.notifications.following_sub_title,Chai Khana Users You Are Following,"მომხმარებლები, რომელთაც თქვენ თვალყურს ადევნებთ"
786,ka.settings.notifications.following_label,"You will receive notifications whenever a user you are following publishes a story. To not receive notifications from a user, unfollow them by clicking on their image.","თქვენ მიიღებთ შეტყობინებას, როდესაც მომხმარებელი, რომელსაც თვალყურს ადევნებთ, დაამატებს ახალ ისტორიას. ამ შეტყობინებების მიღება თუ არ გსურთ, გააუქმეთ თვალყურის დევნება მათ სურათზე დაჭერით."
787,ka.settings.notifications.following_not,"At this time, you are not following any users.",ამ დროისთვის თქვენ არცერთ მომხმარებელს არ ადევნებთ თვალყურს.
788,ka.settings.notifications.following_title1,Click to unfollow '%{name}',%{nickname}' თვალყურის დევნების გასაუქმებლად დააჭირეთ ღილაკს
789,ka.settings.notifications.following_title2,Click to follow '%{name}',%{nickname}' თვალყურის სადევნებლად დააჭირეთ ღილაკს
790,ka.settings.notifications.submit,Save Settings,პარამეტრების შენახვა
791,ka.imageuploader.missing,An error occurred while processing your image. Please try again.,"გამოსახულების დამუშავებისას დაფიქსირდა შეცდომა. გთხოვთ, სცადოთ ახლიდან."
792,ka.imageuploader.invalid_type,Invalid file type. Only .jpg or .png is allowed.,არასწორი ფაილის ტიპი. დასაშვებია jpg და png ფორმატი
793,ka.imageuploader.size_limit,Image file size is limited to 4MB,მაქსიმალური ზომა 4MB
794,ka.devise.mailer.reset_password_instructions.title,Hello %{nickname}!,"მოგესალმებით, %{nickname}!"
795,ka.devise.mailer.reset_password_instructions.p1,"Someone has requested a link to change your password on Chai Khana, and you can do this through the link below.","მივიღეთ მოთხოვნა %{app_name} თქვენი პაროლის შეცვლის შესახებ. პაროლის შესაცვლელად, მიჰყევით შემდეგ ბმულს."
796,ka.devise.mailer.reset_password_instructions.link_title,Change my password,პაროლის შეცვლა
797,ka.devise.mailer.reset_password_instructions.p2,"If you didn't request this, please ignore this email.","თუ თქვენ არ მოგითხოვიათ პაროლის შეცვლა, გთხოვთ, არ მიაქციოთ ყურადღება ამ შეტყობინებას."
798,ka.devise.mailer.reset_password_instructions.p3,Your password won't change until you access the link above and create a new one.,"თქვენი პაროლი იგივე დარჩება, სანამ არ გადახვალთ ზემოთ მითითებულ ბმულზე და შექმნით ახალ პაროლს."
